date_confirmed,delaware_cases,delaware_deaths,delaware_negative,delaware_tests,newcastle_cases,newcastle_deaths,newcastle_negative,newcastle_tests,kent_cases,kent_deaths,kent_negative,kent_tests,sussex_cases,sussex_deaths,sussex_negative,sussex_tests
2020-10-1,20961,669,194068,1689,10918,334,112041,1113,3134,119,24553,249,6917,216,46068,270
2020-10-10,22210,686,207971,2356,11738,346,121783,1911,3236,120,25926,229,7239,220,48211,341
2020-10-11,22372,691,210507,3001,11832,350,123774,2496,3255,120,26074,209,7288,221,48488,385
2020-10-12,22475,692,211498,1191,11891,351,124399,809,3266,120,26193,153,7321,221,48710,290
2020-10-13,22545,694,212238,888,11931,352,124812,525,3271,120,26302,132,7347,222,48887,231
2020-10-14,22634,695,213418,1427,11988,352,125607,1060,3284,120,26450,192,7367,223,49060,224
2020-10-15,22798,699,215080,2026,12093,356,126701,1419,3299,120,26594,191,7412,223,49342,388
2020-10-16,23035,700,217385,2792,12216,356,128023,1701,3336,120,26831,327,7489,224,49978,817
2020-10-17,23183,703,219355,2341,12309,359,129334,1671,3348,120,27076,302,7530,224,50283,398
2020-10-18,23289,705,220569,1453,12361,360,130057,907,3361,120,27201,166,7572,225,50593,394
2020-10-19,23400,710,221756,1413,12426,361,130775,920,3377,120,27354,201,7605,229,50860,344
2020-10-2,21135,673,195517,1777,11029,337,112943,1187,3148,119,24704,202,6966,217,46349,377
2020-10-20,23461,714,222277,643,12472,363,131106,455,3379,121,27406,69,7618,230,50977,141
2020-10-21,23603,716,223366,1356,12548,364,131721,803,3392,121,27569,199,7670,231,51236,341
2020-10-22,23767,720,224773,1716,12643,364,132587,1127,3411,121,27715,195,7723,235,51569,431
2020-10-23,23925,724,226264,1805,12731,364,133445,1087,3423,121,27885,211,7782,239,51976,533
2020-10-24,24044,728,227681,1709,12799,367,134405,1245,3439,121,28036,202,7818,240,52210,309
2020-10-25,24244,735,229523,2262,12923,371,135642,1604,3462,121,28232,274,7872,243,52549,456
2020-10-26,24330,736,230268,918,12963,372,136049,527,3479,121,28366,175,7900,243,52734,243
2020-10-27,24464,736,231482,1491,13039,372,136787,973,3497,121,28481,160,7942,243,53013,363
2020-10-28,24623,740,232499,1277,13133,374,137403,813,3521,121,28565,127,7984,245,53215,281
2020-10-29,24814,748,233972,1801,13222,378,138291,1139,3554,122,28741,241,8056,248,53538,454
2020-10-3,21261,675,196663,1384,11106,338,113597,845,3162,119,24869,203,7000,218,46622,346
2020-10-30,25008,750,235493,1877,13334,378,139321,1327,3577,123,28883,191,8116,249,53828,411
2020-10-31,25197,754,236627,1410,13412,379,139889,733,3618,123,29072,267,8186,252,54141,429
2020-10-4,21418,676,198313,1975,11221,339,114648,1365,3171,119,25057,242,7032,218,46954,423
2020-10-5,21504,678,199028,868,11276,341,115090,571,3177,119,25156,122,7058,218,47085,177
2020-10-6,21639,678,200422,1667,11356,341,116082,1253,3191,119,25274,161,7097,218,47302,287
2020-10-7,21740,681,201766,1576,11425,343,117132,1324,3194,120,25327,61,7124,218,47484,236
2020-10-8,21897,683,203742,2342,11535,344,118679,1957,3201,120,25487,208,7164,219,47677,268
2020-10-9,22078,685,205988,2691,11652,345,120299,2043,3223,120,25749,360,7205,220,47948,375
2020-11-1,25383,757,238212,1930,13549,382,141032,1477,3626,123,29199,154,8227,252,54392,343
2020-11-10,27393,779,249000,1329,14827,393,147663,746,3886,125,30562,261,8721,261,56623,320
2020-11-11,27592,782,250033,1363,14951,394,148195,788,3910,125,30726,220,8772,263,56867,347
2020-11-12,28054,784,252033,2648,15263,395,149524,1875,3963,125,30909,256,8872,264,57271,563
2020-11-13,28431,788,253399,1894,15491,396,150320,1162,4035,125,31143,372,8951,267,57541,407
2020-11-14,28836,789,255016,2189,15778,396,151309,1453,4052,125,31305,220,9055,268,57924,542
2020-11-15,29236,793,257124,2702,16020,397,152479,1616,4109,126,31585,395,9158,270,58478,739
2020-11-16,29599,797,258890,2317,16284,398,153679,1647,4150,126,31770,274,9218,273,58772,415
2020-11-17,29822,800,259684,1092,16412,400,154100,623,4184,127,31906,195,9279,273,58957,270
2020-11-18,30216,803,261204,2056,16653,402,154998,1271,4240,127,32104,314,9376,274,59256,460
2020-11-19,30861,806,263963,3683,17057,403,156578,2298,4341,129,32480,547,9519,274,59870,867
2020-11-2,25484,759,238914,870,13601,383,141435,522,3639,124,29273,104,8263,252,54590,261
2020-11-20,31376,810,266424,3233,17429,404,158166,2267,4394,130,32708,324,9613,276,60364,648
2020-11-21,31863,812,268773,3098,17763,404,159407,1808,4457,130,33082,526,9710,278,60954,775
2020-11-22,32248,817,270412,2179,17995,406,160322,1328,4509,132,33267,273,9812,279,61404,622
2020-11-23,32699,824,272725,2975,18293,409,161863,2096,4571,135,33489,337,9901,280,61842,575
2020-11-24,33016,828,274416,2170,18521,412,163014,1589,4614,136,33622,203,9950,280,62149,398
2020-11-25,33601,830,276991,3393,18875,412,164344,1914,4695,136,33837,347,10102,282,62995,1123
2020-11-26,34174,833,279414,3225,19256,413,165707,1986,4791,137,34199,529,10200,283,63527,709
2020-11-27,34684,838,281484,2791,19589,415,166955,1820,4895,138,34492,462,10275,285,63803,410
2020-11-28,35281,841,283545,2895,19979,417,168368,2060,4973,139,34653,295,10409,285,64175,582
2020-11-29,35700,846,284806,1804,20208,419,168978,971,5102,141,34981,511,10472,286,64413,338
2020-11-3,25599,763,239608,874,13657,383,141829,511,3648,124,29374,129,8315,256,54763,250
2020-11-30,36383,850,286679,2726,20685,421,170184,1886,5197,141,35177,333,10585,288,64749,497
2020-11-4,25819,764,240775,1501,13788,384,142431,857,3694,124,29529,234,8360,256,55087,410
2020-11-5,26110,766,242435,2130,13984,386,143541,1521,3727,124,29696,235,8425,256,55371,383
2020-11-6,26328,768,243837,1762,14130,387,144385,1145,3750,124,29936,323,8477,257,55629,340
2020-11-7,26644,771,245358,1995,14347,389,145290,1290,3788,124,30155,306,8537,258,55944,414
2020-11-8,26949,772,246929,2027,14564,390,146383,1497,3818,124,30318,234,8603,258,56188,347
2020-11-9,27151,774,247988,1362,14700,390,147111,993,3834,124,30388,96,8656,260,56405,309
2020-12-1,36750,857,287493,1255,20891,426,170634,717,5292,143,35350,304,10654,288,64902,257
2020-12-10,43907,917,305171,2951,25347,457,181215,1597,6725,165,37752,483,11951,295,68369,803
2020-12-11,44992,922,307928,4093,26034,459,182956,2731,6923,166,38049,559,12151,297,68900,828
2020-12-12,45606,929,309741,2594,26370,464,183862,1410,7018,167,38324,422,12337,298,69399,765
2020-12-13,46634,943,312396,3966,26957,474,185277,2261,7210,168,38740,731,12594,301,70031,991
2020-12-14,47333,950,314281,2758,27424,478,186526,1911,7316,169,38912,320,12724,303,70346,491
2020-12-15,48169,959,316589,3361,27967,482,187905,2141,7473,172,39301,639,12868,305,70739,602
2020-12-16,49029,972,318746,3210,28478,490,189070,1851,7632,175,39625,572,13069,307,71257,826
2020-12-17,49383,980,319762,1475,28653,494,189632,830,7708,178,39747,230,13172,308,71528,411
2020-12-18,50427,988,322332,3887,29299,498,191125,2446,7862,181,40056,517,13417,309,72151,959
2020-12-19,50922,1002,323729,2034,29564,506,191828,1075,7943,183,40230,293,13569,313,72604,683
2020-12-2,37538,860,289447,2938,21423,429,171807,1899,5418,143,35610,434,10788,288,65229,524
2020-12-20,51395,1017,325107,2009,29763,517,192367,825,8060,184,40527,482,13728,316,73020,653
2020-12-21,51980,1024,326517,2145,30131,521,193195,1349,8171,187,40736,383,13842,316,73297,431
2020-12-22,52596,1033,327838,2062,30559,526,194047,1408,8289,190,40930,360,13922,317,73528,342
2020-12-23,53398,1044,330210,3398,31048,531,195417,2084,8397,194,41169,400,14128,319,74138,908
2020-12-24,54045,1054,332134,2741,31493,536,196656,1872,8486,197,41355,320,14240,321,74573,612
2020-12-25,54868,1066,334461,3302,31896,542,197734,1637,8721,198,41705,650,14431,326,75271,976
2020-12-26,55458,1077,336057,2320,32230,549,198615,1340,8832,201,41956,414,14573,327,75643,566
2020-12-27,55934,1094,337216,1749,32526,563,199443,1240,8910,204,42031,178,14676,327,75848,341
2020-12-28,56655,1105,338695,2312,33007,567,200392,1564,9021,207,42198,311,14809,331,76121,440
2020-12-29,57067,1112,339844,1668,33276,570,201132,1122,9097,210,42337,239,14879,332,76374,355
2020-12-3,38476,868,291477,3146,21959,434,173002,1921,5665,145,35941,652,10943,289,65590,573
2020-12-30,57951,1121,341580,2762,33822,575,202158,1736,9246,211,42564,422,15062,335,76788,651
2020-12-31,58575,1132,342755,1900,34060,581,202749,922,9400,213,42743,356,15295,338,77157,660
2020-12-4,39161,872,293092,2465,22408,437,174022,1637,5800,145,36132,375,11051,290,65885,461
2020-12-5,39965,879,295109,3016,22900,441,175171,1826,5966,147,36383,486,11202,291,66398,738
2020-12-6,40791,886,297538,3503,23326,444,176409,1862,6176,151,36876,822,11394,291,66902,786
2020-12-7,41523,892,299381,2791,23773,446,177592,1856,6320,155,37102,425,11540,291,67247,545
2020-12-8,42468,896,301476,3218,24460,448,179086,2455,6459,157,37298,371,11658,291,67535,452
2020-12-9,43113,910,303205,2543,24925,453,180207,1789,6557,163,37495,348,11741,294,67843,428
2020-3-10,19,0,18,4,12,0,11,3,0,0,NA,0,0,0,NA,1
2020-3-11,22,0,21,7,11,0,13,5,0,0,NA,0,NA,0,NA,3
2020-3-12,22,0,28,10,11,0,18,7,0,0,NA,0,NA,0,NA,3
2020-3-13,23,0,45,20,12,0,28,11,0,0,NA,NA,NA,0,13,8
2020-3-14,23,0,60,16,12,0,37,12,0,0,NA,NA,NA,0,15,2
2020-3-15,26,0,72,18,12,0,45,10,NA,0,11,6,NA,0,18,3
2020-3-16,27,0,89,18,11,0,52,8,NA,0,14,5,NA,0,23,6
2020-3-17,31,0,123,40,13,0,75,27,NA,0,19,9,NA,0,29,6
2020-3-18,42,0,166,63,21,0,82,16,NA,0,22,5,NA,0,62,43
2020-3-19,55,0,367,234,28,0,138,73,NA,0,44,26,12,0,180,146
2020-3-20,64,0,437,90,33,0,177,52,NA,0,53,12,16,0,202,31
2020-3-21,71,0,486,58,38,0,205,36,NA,0,60,8,18,0,216,18
2020-3-22,84,0,509,36,47,0,219,25,NA,0,63,4,22,0,222,10
2020-3-23,123,0,721,276,71,0,344,168,15,0,86,35,32,0,275,76
2020-3-24,155,1,975,323,93,0,537,267,22,0,118,41,35,NA,291,23
2020-3-25,173,2,1137,201,104,NA,641,145,25,0,132,17,39,NA,325,42
2020-3-26,196,3,1335,243,116,NA,733,120,29,0,179,64,46,NA,368,61
2020-3-27,234,5,1490,212,141,NA,777,84,35,0,233,70,53,NA,397,41
2020-3-28,282,9,1710,299,160,NA,873,137,40,NA,267,50,77,NA,471,114
2020-3-29,328,10,1866,233,182,NA,961,144,47,NA,298,41,94,NA,493,40
2020-3-30,363,11,2112,311,214,NA,1098,197,47,NA,318,23,98,NA,570,100
2020-3-31,433,12,2501,509,256,NA,1271,252,59,NA,403,116,114,NA,671,138
2020-3-8,19,0,10,0,12,0,NA,0,0,0,NA,0,0,0,NA,0
2020-3-9,19,0,14,4,12,0,NA,2,0,0,NA,NA,0,0,NA,1
2020-4-1,470,13,2770,357,280,NA,1384,176,64,NA,426,40,122,NA,780,140
2020-4-10,1488,36,6193,593,844,19,3265,378,253,NA,919,60,392,14,1600,176
2020-4-11,1624,44,6511,513,887,21,3386,196,277,NA,998,133,462,19,1698,200
2020-4-12,1730,49,6802,430,949,23,3605,331,297,NA,1030,60,488,21,1723,54
2020-4-13,1875,54,7048,424,996,25,3724,202,306,NA,1052,33,578,22,1821,206
2020-4-14,2065,61,7330,508,1033,29,3807,143,355,NA,1133,152,685,24,1903,204
2020-4-15,2127,68,7398,143,1053,31,3833,55,367,NA,1146,29,715,28,1930,64
2020-4-16,2241,72,7607,349,1111,33,3972,231,378,NA,1162,32,759,29,1975,97
2020-4-17,2521,78,7947,682,1198,34,4144,306,426,12,1235,139,909,32,2045,244
2020-4-18,2635,88,8173,388,1279,38,4312,311,449,15,1271,72,921,35,2057,31
2020-4-19,2831,92,8361,405,1298,39,4356,72,462,16,1287,32,1088,37,2177,309
2020-4-2,503,16,3066,376,299,NA,1640,334,70,NA,445,35,130,NA,786,20
2020-4-20,3020,102,8634,497,1374,43,4489,234,491,17,1342,105,1172,42,2246,165
2020-4-21,3295,107,8910,581,1433,44,4545,122,534,19,1406,122,1347,44,2383,341
2020-4-22,3423,120,9077,310,1475,52,4604,105,569,20,1450,95,1398,48,2439,117
2020-4-23,3565,134,9282,381,1579,62,4764,319,586,20,1482,54,1419,52,2447,33
2020-4-24,3699,150,9413,289,1597,70,4794,52,608,24,1517,72,1515,56,2504,174
2020-4-25,4153,158,10159,1282,1696,73,5125,496,653,26,1606,155,1826,59,2806,657
2020-4-26,4284,171,10336,330,1727,80,5188,104,681,27,1629,57,1897,64,2886,168
2020-4-27,4683,184,11166,1308,1795,84,5375,282,762,29,1804,289,2151,71,3269,708
2020-4-28,4792,195,11436,411,1812,89,5438,91,775,30,1835,52,2231,76,3426,263
2020-4-29,4830,207,11523,135,1830,95,5472,60,786,33,1862,44,2240,79,3434,18
2020-4-3,674,17,3817,1004,437,NA,2158,760,90,NA,533,126,144,NA,876,117
2020-4-30,5024,213,11952,675,1950,97,5780,492,810,35,1902,78,2292,81,3501,132
2020-4-4,734,17,4047,324,468,NA,2217,107,105,NA,608,115,158,NA,947,100
2020-4-5,803,19,4279,328,511,12,2365,221,115,NA,625,28,176,NA,1000,79
2020-4-6,898,24,4594,466,556,15,2491,218,150,NA,726,161,190,NA,1055,77
2020-4-7,1121,28,5332,1059,664,18,2803,493,178,NA,786,108,280,NA,1378,468
2020-4-8,1237,32,5584,402,698,19,2865,113,224,NA,865,139,315,11,1466,139
2020-4-9,1336,34,5809,351,772,19,3016,267,232,NA,890,35,332,12,1503,60
2020-5-1,5154,225,12197,418,1977,103,5856,115,841,36,1953,102,2364,86,3602,206
2020-5-10,7115,318,19740,2960,2582,142,7841,776,1130,54,3138,190,3435,122,7149,2020
2020-5-11,7232,329,20387,823,2617,147,7989,201,1158,57,3259,170,3488,125,7443,398
2020-5-12,7298,340,20774,503,2661,151,8176,272,1171,58,3351,126,3497,131,7506,82
2020-5-13,7360,356,21188,528,2685,164,8304,181,1179,58,3417,94,3527,134,7700,261
2020-5-14,7478,368,22010,1027,2734,169,8665,466,1197,61,3547,173,3578,138,7971,369
2020-5-15,7906,379,24372,3010,2850,178,9456,1058,1266,62,3783,344,3828,139,9194,1617
2020-5-16,8044,390,25200,1099,2961,186,9949,727,1280,62,3895,163,3841,142,9369,226
2020-5-17,8232,400,26552,1681,3043,194,10340,549,1305,63,4019,169,3924,143,10134,967
2020-5-18,8342,407,27345,994,3095,200,10643,421,1317,63,4108,114,3969,144,10479,449
2020-5-19,8419,418,27707,497,3148,206,10873,347,1331,65,4162,80,3978,147,10527,66
2020-5-2,5303,237,12473,456,2002,110,5897,74,869,37,2022,120,2461,90,3758,277
2020-5-20,8520,427,28232,704,3209,212,11146,400,1347,65,4215,87,4002,150,10689,228
2020-5-21,8652,432,28971,964,3281,214,11474,457,1364,66,4263,80,4045,152,11014,447
2020-5-22,8761,437,29724,979,3357,216,11879,583,1379,66,4340,108,4064,155,11238,301
2020-5-23,8897,443,30540,1055,3441,220,12366,668,1409,66,4451,183,4087,157,11416,235
2020-5-24,9054,451,31908,1688,3568,223,13332,1279,1423,70,4569,155,4102,158,11654,292
2020-5-25,9147,457,32584,862,3633,226,13765,598,1434,71,4649,110,4121,160,11786,183
2020-5-26,9182,467,32922,415,3654,232,13938,235,1439,74,4739,111,4130,161,11832,62
2020-5-27,9259,477,33871,1149,3698,240,14297,475,1458,74,5148,512,4143,163,11945,146
2020-5-28,9337,485,34333,603,3767,244,14587,412,1465,76,5225,105,4149,165,12010,85
2020-5-29,9495,492,35383,1293,3846,247,14965,515,1498,78,5307,136,4195,167,12536,617
2020-5-3,5605,249,13369,1305,2154,114,6331,678,891,41,2093,115,2591,94,4117,553
2020-5-30,9563,496,36273,1067,3886,250,15351,495,1507,78,5399,127,4216,168,12906,436
2020-5-31,9690,499,37827,1800,3983,251,15881,742,1514,80,5494,111,4239,168,13770,942
2020-5-4,5820,259,13890,809,2187,118,6403,125,923,42,2172,132,2742,99,4425,535
2020-5-5,5983,270,14186,503,2225,123,6534,196,986,42,2252,172,2803,105,4476,128
2020-5-6,6172,273,14735,796,2263,124,6642,161,997,42,2299,73,2943,107,4845,573
2020-5-7,6343,289,15395,910,2352,127,6911,428,1022,45,2384,139,3002,117,5053,304
2020-5-8,6509,302,16512,1397,2411,133,7133,328,1053,49,2674,365,3078,120,5368,457
2020-5-9,6635,306,17427,1134,2455,135,7320,267,1088,51,3006,425,3123,120,5592,306
2020-6-1,9749,502,38766,1129,4009,252,16411,684,1523,81,5558,85,4262,169,14059,351
2020-6-10,10240,536,46276,2438,4349,267,20920,1607,1595,90,6397,231,4344,179,15846,659
2020-6-11,10297,538,48280,2302,4400,267,22249,1649,1597,91,6702,353,4348,180,16104,336
2020-6-12,10357,540,49886,1895,4440,268,23357,1376,1604,92,6843,175,4361,180,16345,315
2020-6-13,10399,543,50959,1267,4473,270,24090,931,1606,93,6905,84,4368,180,16528,236
2020-6-14,10473,544,52882,2273,4529,271,25511,1791,1614,93,7116,278,4380,180,16714,238
2020-6-15,10530,546,53805,1114,4562,272,26025,673,1625,93,7242,163,4394,181,16933,278
2020-6-16,10577,547,54155,436,4600,272,26196,250,1631,93,7323,95,4397,182,16992,69
2020-6-17,10640,550,55708,1765,4655,274,27568,1646,1635,93,7373,61,4401,183,17045,70
2020-6-18,10681,552,56956,1419,4688,275,28473,1108,1639,93,7480,136,4404,184,17210,193
2020-6-19,10729,557,58421,1662,4722,277,29335,1032,1643,94,7572,121,4415,186,17648,506
2020-6-2,9784,503,39369,690,4033,252,16633,279,1526,81,5772,252,4271,170,14158,129
2020-6-20,10819,557,60230,2099,4797,277,30774,1777,1648,94,7748,224,4424,186,17766,150
2020-6-21,10868,561,61467,1445,4831,280,31611,1060,1654,95,7805,73,4430,186,18067,350
2020-6-22,10914,563,62036,674,4861,280,31915,382,1662,96,7891,111,4439,187,18220,186
2020-6-23,10958,563,62517,579,4880,280,32059,192,1671,96,7958,99,4455,187,18460,278
2020-6-24,11055,565,64446,2263,4959,281,33458,1757,1676,96,8177,276,4469,188,18692,280
2020-6-25,11133,566,65170,892,5018,281,33900,587,1686,96,8270,128,4479,189,18818,155
2020-6-26,11245,568,66934,2078,5072,282,34823,1159,1714,97,8745,601,4509,189,19063,322
2020-6-27,11379,569,68055,1356,5118,283,35224,526,1723,97,8811,94,4588,189,19659,751
2020-6-28,11535,571,70479,2855,5232,284,37332,2640,1734,98,8873,86,4616,189,19819,206
2020-6-29,11616,572,71104,761,5256,284,37587,334,1752,99,8950,111,4654,189,20078,333
2020-6-3,9827,507,40021,775,4062,252,17016,477,1529,84,5846,92,4282,171,14319,212
2020-6-30,11656,573,71450,431,5275,285,37770,237,1765,99,9031,110,4662,189,20133,81
2020-6-4,9885,519,40576,677,4099,257,17341,418,1542,86,5926,105,4290,176,14433,149
2020-6-5,9960,523,41176,732,4152,261,17718,491,1551,86,6000,102,4304,176,14560,160
2020-6-6,10039,523,42115,1119,4213,261,18461,919,1568,86,6075,112,4306,176,14637,98
2020-6-7,10086,526,42809,805,4253,263,18999,661,1569,87,6114,52,4311,176,14717,101
2020-6-8,10138,530,43384,680,4289,265,19332,421,1576,88,6166,69,4321,177,14889,212
2020-6-9,10173,534,44110,840,4308,265,19557,293,1580,90,6231,81,4334,179,15257,426
2020-7-1,11840,574,74538,3573,5367,285,39233,1825,1778,100,9477,542,4739,189,21076,1153
2020-7-10,12891,585,87032,1286,5844,293,45686,463,1963,103,10612,169,5119,189,25141,609
2020-7-11,13106,587,89330,2771,5895,293,46529,1065,2015,104,11330,898,5231,190,25799,871
2020-7-12,13285,591,90680,1693,5938,293,47346,1026,2030,106,11431,141,5352,192,26143,535
2020-7-13,13410,593,92261,1906,6006,294,48544,1507,2048,106,11528,145,5391,193,26340,271
2020-7-14,13503,593,93535,1513,6061,294,49344,1004,2060,106,11666,171,5417,193,26602,332
2020-7-15,13582,593,94538,1206,6096,294,49982,808,2078,106,11799,175,5443,193,26755,217
2020-7-16,13707,593,96934,2765,6143,294,50710,941,2104,106,12495,863,5494,193,27605,1004
2020-7-17,13785,593,98423,1752,6186,294,51837,1402,2125,106,12598,147,5509,193,27793,247
2020-7-18,13871,595,99938,1792,6226,296,52620,1000,2132,106,12742,179,5547,193,28281,618
2020-7-19,13983,598,101939,2358,6288,298,54034,1784,2152,107,12899,207,5579,193,28603,414
2020-7-2,11998,575,76151,1921,5447,285,40100,1129,1794,101,9560,111,4798,189,21617,660
2020-7-20,14126,598,103563,1935,6382,298,55089,1347,2161,107,13036,171,5619,193,28916,414
2020-7-21,14185,600,104308,884,6404,298,55476,484,2175,107,13185,193,5641,195,29081,214
2020-7-22,14334,602,106267,2329,6475,299,56508,1348,2216,107,13673,635,5678,196,29397,403
2020-7-23,14411,602,107509,1443,6510,299,56992,613,2231,107,13840,207,5704,196,29898,607
2020-7-24,14524,604,109517,2306,6572,300,58206,1474,2243,107,14067,280,5742,197,30293,481
2020-7-25,14642,607,111647,2517,6644,301,59416,1497,2269,107,14380,428,5759,199,30665,443
2020-7-26,14753,608,113793,2474,6719,302,60838,1753,2281,107,14534,201,5781,199,31091,520
2020-7-27,14823,609,114874,1272,6753,302,61444,762,2288,108,14653,151,5811,199,31384,367
2020-7-28,14964,609,116516,1957,6853,302,62589,1463,2303,108,14803,202,5831,199,31666,340
2020-7-29,15053,610,117763,1459,6917,303,63456,1091,2319,108,14983,245,5840,199,31782,142
2020-7-3,12073,575,77744,1845,5497,285,41398,1596,1809,101,9649,126,4808,189,21764,184
2020-7-30,15148,610,119269,1764,6980,303,64370,1147,2337,108,15156,220,5855,199,32092,385
2020-7-31,15239,611,120356,1314,7028,304,64848,634,2351,108,15315,207,5884,199,32478,475
2020-7-4,12281,576,81076,3864,5604,286,42837,1867,1835,101,9884,317,4880,189,23215,1744
2020-7-5,12390,578,82210,1359,5667,288,43256,563,1847,101,9978,134,4915,189,23764,661
2020-7-6,12508,580,83249,1269,5703,289,43730,603,1888,102,10143,237,4955,189,24079,399
2020-7-7,12562,581,83478,308,5717,290,43901,213,1900,102,10163,38,4982,189,24106,60
2020-7-8,12636,582,84249,922,5760,290,44351,569,1910,103,10288,161,5003,189,24263,200
2020-7-9,12778,582,85971,2046,5806,290,45331,1222,1943,103,10501,295,5064,189,24655,496
2020-8-1,15332,613,121744,1636,7075,305,65541,898,2367,108,15510,255,5912,200,32863,471
2020-8-10,15991,619,133625,1271,7485,308,72852,880,2474,110,17071,156,6048,201,35117,270
2020-8-11,16059,621,134466,1020,7516,309,73305,569,2495,110,17231,225,6063,202,35270,200
2020-8-12,16153,621,135796,1580,7567,309,74199,1118,2516,110,17447,292,6085,202,35402,177
2020-8-13,16226,621,136876,1263,7602,309,74740,672,2532,110,17617,216,6106,202,35649,301
2020-8-14,16294,621,137789,1084,7654,309,75214,637,2538,110,17791,203,6116,202,35848,240
2020-8-15,16352,622,138952,1334,7689,309,76078,1063,2550,110,17895,137,6126,203,35987,167
2020-8-16,16442,622,140547,1859,7744,309,77054,1228,2565,110,18072,229,6147,203,36344,425
2020-8-17,16498,624,141384,996,7773,309,77462,532,2575,111,18271,236,6163,204,36545,249
2020-8-18,16544,625,142102,857,7808,309,78003,685,2582,112,18333,85,6166,204,36623,94
2020-8-19,16628,625,143528,1677,7855,309,78928,1177,2607,112,18561,312,6177,204,36805,221
2020-8-2,15442,613,123606,2186,7150,305,66705,1485,2385,108,15742,300,5928,200,33198,412
2020-8-20,16684,625,144255,855,7891,309,79268,447,2614,112,18646,106,6190,204,37069,317
2020-8-21,16768,626,145582,1559,7936,310,80129,1083,2630,112,18860,292,6212,204,37246,222
2020-8-22,16858,627,146978,1648,8001,310,81010,1115,2637,112,19067,265,6228,205,37502,312
2020-8-23,16925,628,148167,1367,8048,310,81800,997,2644,113,19234,210,6242,205,37678,220
2020-8-24,17006,628,149561,1606,8100,310,82696,1092,2657,113,19342,153,6257,205,38015,396
2020-8-25,17075,628,150858,1507,8148,310,83625,1141,2666,113,19478,171,6268,205,38168,195
2020-8-26,17143,628,151584,890,8185,310,84105,612,2684,113,19582,156,6280,205,38272,133
2020-8-27,17273,628,153647,2431,8257,310,85519,1784,2707,113,19796,288,6315,205,38603,414
2020-8-28,17377,629,154904,1469,8321,311,86310,985,2715,113,20015,260,6346,205,38791,248
2020-8-29,17486,629,156223,1577,8394,311,87185,1142,2729,113,20178,208,6370,205,39007,276
2020-8-3,15520,613,124762,1356,7205,305,67348,821,2396,108,15928,235,5940,200,33454,298
2020-8-30,17586,629,157882,1915,8448,311,88276,1354,2749,113,20370,251,6396,205,39307,362
2020-8-31,17682,631,158976,1301,8511,313,88964,891,2764,113,20477,139,6414,205,39565,308
2020-8-4,15581,614,125626,1024,7243,306,67920,728,2409,108,16004,107,5950,200,33629,213
2020-8-5,15651,619,126974,1597,7294,308,68960,1339,2420,110,16127,170,5958,201,33731,128
2020-8-6,15739,619,128438,1726,7346,308,69828,1103,2438,110,16332,258,5975,201,33997,326
2020-8-7,15799,619,129237,951,7375,308,70186,458,2448,110,16475,179,5996,201,34246,310
2020-8-8,15853,619,130838,1833,7406,308,71151,1179,2456,110,16674,248,6011,201,34599,408
2020-8-9,15923,619,132552,2016,7447,308,72171,1305,2466,110,16950,368,6025,201,34903,378
2020-9-1,17749,634,161114,2453,8561,315,90289,1637,2771,113,20629,203,6424,206,40204,744
2020-9-10,18630,643,171916,1034,9183,319,97424,646,2894,117,21960,127,6559,207,42146,304
2020-9-11,18761,645,173029,1365,9274,320,98187,1017,2915,117,22094,173,6579,208,42316,212
2020-9-12,18895,645,174200,1417,9391,320,98995,1085,2920,117,22225,154,6592,208,42509,240
2020-9-13,18997,645,175010,1002,9449,320,99401,540,2942,117,22400,240,6614,208,42697,241
2020-9-14,19082,646,176054,1237,9516,320,100099,910,2951,117,22510,143,6623,209,42891,230
2020-9-15,19168,647,177306,1459,9589,320,100984,1110,2959,117,22585,96,6627,210,43129,285
2020-9-16,19259,649,178142,1043,9658,322,101541,774,2968,117,22684,134,6639,210,43270,179
2020-9-17,19399,649,179237,1348,9759,322,102318,1014,2981,117,22813,157,6665,210,43417,205
2020-9-18,19481,649,179999,903,9799,322,102699,481,2992,117,22916,131,6696,210,43648,284
2020-9-19,19602,650,181226,1467,9872,323,103459,967,3009,117,23101,226,6725,210,43884,302
2020-9-2,17863,636,162828,2047,8637,317,91586,1666,2793,113,20831,268,6438,206,40358,186
2020-9-20,19703,650,182475,1512,9943,323,104315,1088,3023,117,23227,172,6741,210,44097,273
2020-9-21,19794,651,183602,1354,10011,323,104989,864,3032,117,23427,255,6754,211,44305,257
2020-9-22,19875,653,184422,994,10063,324,105492,656,3049,118,23562,186,6766,211,44447,183
2020-9-23,19994,655,185717,1545,10157,325,106515,1310,3058,118,23654,117,6783,212,44592,188
2020-9-24,20116,657,186734,1242,10251,326,107232,939,3061,118,23697,58,6808,213,44793,261
2020-9-25,20204,658,187452,877,10318,327,107743,658,3072,118,23783,108,6819,213,44873,111
2020-9-26,20304,661,188553,1303,10397,329,108504,966,3085,119,23910,167,6828,213,45050,217
2020-9-27,20448,661,190051,1821,10500,329,109453,1229,3100,119,24079,229,6855,213,45342,372
2020-9-28,20543,663,190910,1060,10573,331,109914,617,3111,119,24198,164,6866,213,45588,300
2020-9-29,20642,666,191636,893,10652,333,110363,614,3122,119,24303,143,6876,214,45732,175
2020-9-3,17954,636,164195,1637,8691,317,92307,943,2817,113,21008,261,6453,206,40771,497
2020-9-30,20820,667,192712,1363,10806,334,111220,1165,3127,119,24365,81,6894,214,45861,162
2020-9-4,18103,636,165536,1621,8804,317,93309,1308,2838,113,21099,133,6467,206,40957,219
2020-9-5,18212,637,167044,1780,8883,317,94314,1278,2849,114,21209,143,6486,206,41311,425
2020-9-6,18295,639,168246,1394,8936,319,95128,1000,2861,114,21365,198,6503,206,41497,229
2020-9-7,18357,641,169222,1131,8972,319,95554,531,2874,115,21674,394,6516,207,41707,250
2020-9-8,18425,642,170219,1176,9022,319,96267,908,2882,116,21819,183,6526,207,41798,113
2020-9-9,18528,643,171072,1057,9100,319,96954,904,2890,117,21867,72,6543,207,41886,118
2021-1-1,59456,1137,344699,2994,34481,582,203697,1532,9575,216,43124,619,15528,339,77675,815
2021-1-10,66743,1230,360193,2558,38501,626,212559,1387,10714,239,45167,405,17622,365,81393,803
2021-1-11,67302,1243,361350,1839,38858,632,213325,1264,10796,244,45298,240,17739,367,81584,338
2021-1-12,68041,1256,363900,3504,39296,637,214802,2147,10927,248,45673,570,17913,371,82150,831
2021-1-13,68927,1271,365887,3069,39812,645,215878,1767,11078,249,45902,431,18134,377,82726,890
2021-1-14,69603,1285,367664,2593,40199,653,216998,1691,11201,253,46113,384,18302,379,83094,574
2021-1-15,70283,1292,369116,2276,40549,656,217812,1289,11324,254,46374,441,18516,382,83388,573
2021-1-16,71243,1302,371587,3627,41090,660,219204,2137,11500,256,46714,582,18760,386,83979,943
2021-1-17,71883,1316,373082,2281,41403,663,219980,1204,11630,262,46922,386,18961,391,84400,688
2021-1-18,72299,1328,374031,1428,41672,670,220600,983,11691,264,47036,200,19046,394,84568,268
2021-1-19,72786,1338,375602,2210,41942,674,221501,1304,11767,265,47278,358,19189,399,84936,583
2021-1-2,60080,1147,346064,2084,34828,587,204494,1265,9688,217,43328,352,15696,343,77965,498
2021-1-20,73522,1349,377283,2562,42394,677,222517,1620,11884,269,47456,335,19366,403,85355,644
2021-1-21,74228,1367,379163,2746,42750,682,223609,1595,12017,276,47748,476,19582,409,85764,690
2021-1-22,74901,1386,381150,2853,43109,688,224762,1697,12169,280,48114,599,19752,418,86148,619
2021-1-23,75573,1392,382560,2198,43446,693,225521,1214,12307,280,48347,407,19947,419,86484,584
2021-1-24,76191,1407,384416,2663,43816,701,226615,1664,12399,282,48534,318,20105,424,86939,691
2021-1-25,76496,1412,385063,1004,43972,706,226961,554,12472,282,48689,267,20182,424,87056,210
2021-1-26,76848,1419,386567,1986,44154,711,227797,1140,12539,282,48964,385,20288,426,87429,528
2021-1-27,77509,1429,388374,2621,44505,717,228841,1556,12691,283,49250,490,20448,429,87814,607
2021-1-28,77954,1443,389811,1983,44735,722,229634,1118,12808,289,49512,416,20547,432,88131,457
2021-1-29,78571,1452,391764,2756,45048,727,230730,1598,12922,291,49857,521,20739,434,88572,699
2021-1-3,60983,1157,347854,2847,35305,592,205485,1605,9825,221,43530,391,15954,344,78449,802
2021-1-30,79101,1457,393329,2220,45326,730,231572,1231,13006,293,50124,396,20914,434,88960,625
2021-1-31,79530,1463,394623,1840,45572,734,232340,1112,13100,294,50321,343,21006,435,89240,416
2021-1-4,61775,1166,349386,2476,35769,595,206286,1401,9949,224,43739,385,16155,347,78852,666
2021-1-5,62413,1175,350818,2225,36125,597,207152,1345,10042,228,43915,308,16335,350,79213,608
2021-1-6,63628,1186,352650,3202,36872,603,208291,2054,10198,231,44096,378,16645,352,79584,741
2021-1-7,64197,1197,353948,1999,37124,609,208918,978,10313,233,44320,385,16848,355,79986,670
2021-1-8,65206,1204,356069,3316,37644,611,210073,1846,10466,235,44669,566,17182,358,80475,932
2021-1-9,66028,1217,358490,3432,38150,616,211666,2340,10578,239,44941,420,17396,362,80905,701
2021-10-1,133437,2046,578557,2589,76945,998,341645,1459,23885,430,79217,557,32917,616,126054,531
2021-10-10,137198,2086,588407,1266,78639,1018,347083,697,24632,443,80742,229,33924,624,128371,292
2021-10-11,137369,2086,588831,645,78695,1018,347321,353,24661,443,80790,103,33958,624,128483,174
2021-10-12,137689,2088,589724,1279,78837,1019,347823,706,24718,444,80891,182,34040,624,128731,355
2021-10-13,138198,2089,590788,1679,79072,1020,348458,946,24847,444,81057,339,34152,624,128937,351
2021-10-14,138651,2095,591907,1672,79261,1022,349097,897,24951,445,81229,318,34279,627,129177,399
2021-10-15,139145,2101,593134,1851,79508,1025,349881,1147,25024,445,81411,294,34391,630,129391,364
2021-10-16,139392,2103,594037,1209,79623,1027,350373,655,25063,446,81526,178,34443,630,129644,337
2021-10-17,139708,2106,594855,1215,79783,1028,350919,773,25137,448,81643,197,34518,630,129762,213
2021-10-18,139906,2114,595396,781,79879,1029,351194,391,25163,451,81734,138,34575,634,129910,220
2021-10-19,140188,2120,596080,1025,80028,1034,351560,542,25204,451,81856,174,34667,635,130062,262
2021-10-2,133840,2049,579830,1778,77107,999,342327,943,23972,431,79431,341,33027,617,126362,476
2021-10-20,140537,2121,597243,1620,80178,1035,352199,845,25307,451,82059,331,34763,635,130324,382
2021-10-21,140920,2127,598287,1525,80366,1037,352778,816,25402,453,82252,311,34863,637,130534,328
2021-10-22,141230,2131,599329,1452,80561,1040,353335,801,25475,453,82435,275,34904,638,130775,309
2021-10-23,141508,2134,600209,1269,80679,1043,353807,649,25543,453,82602,264,34996,638,130958,292
2021-10-24,141758,2136,600985,1082,80852,1044,354269,667,25574,454,82689,124,35041,638,131155,257
2021-10-25,141844,2138,601319,464,80885,1044,354433,218,25597,456,82743,83,35070,638,131258,147
2021-10-26,142089,2140,602008,996,81024,1044,354854,587,25655,456,82848,177,35118,640,131389,195
2021-10-27,142398,2141,602990,1376,81180,1044,355395,734,25728,457,83026,273,35198,640,131603,317
2021-10-28,142674,2144,603816,1169,81297,1046,355840,593,25802,457,83160,221,35282,641,131796,295
2021-10-29,143037,2149,605029,1660,81520,1047,356627,1060,25875,458,83308,237,35348,644,132011,297
2021-10-3,134224,2052,580968,1631,77267,999,342972,910,24061,432,79602,296,33142,619,126613,401
2021-10-30,143289,2152,605697,962,81635,1048,357019,529,25937,460,83411,172,35422,644,132154,229
2021-10-31,143477,2154,606239,789,81748,1049,357336,464,25970,460,83500,128,35464,645,132257,161
2021-10-4,134493,2056,581492,851,77375,1002,343284,504,24119,433,79658,119,33214,619,126738,221
2021-10-5,134936,2064,582828,1939,77647,1007,343978,1047,24215,434,79885,379,33303,621,127100,496
2021-10-6,135407,2067,584033,1812,77878,1009,344667,1030,24301,434,80074,313,33444,622,127360,429
2021-10-7,135901,2071,585130,1716,78107,1009,345267,937,24398,438,80203,257,33596,622,127668,519
2021-10-8,136510,2076,586534,2180,78379,1012,346064,1214,24505,439,80440,407,33755,623,127944,497
2021-10-9,136831,2083,587589,1490,78454,1015,346648,754,24580,443,80609,281,33860,624,128179,414
2021-11-1,143562,2159,606525,394,81786,1052,357515,232,25988,461,83531,50,35490,646,132311,86
2021-11-10,145801,2184,613826,1313,83030,1063,361746,792,26515,470,84677,252,35955,651,133836,203
2021-11-11,146199,2187,614867,1535,83258,1063,362313,841,26605,471,84833,269,36032,653,134097,362
2021-11-12,146489,2191,615816,1288,83409,1065,362854,720,26656,471,84977,204,36111,655,134340,333
2021-11-13,146858,2192,616593,1171,83621,1066,363245,601,26755,471,85129,265,36165,655,134536,260
2021-11-14,147123,2194,617123,842,83796,1067,363577,538,26791,472,85178,90,36210,655,134655,172
2021-11-15,147270,2194,617406,445,83876,1067,363739,252,26819,472,85219,70,36243,655,134716,96
2021-11-16,147636,2195,618102,1095,84074,1067,364093,573,26906,473,85373,247,36307,655,134866,219
2021-11-17,148043,2198,619048,1403,84293,1069,364582,733,26992,474,85589,308,36386,655,135071,302
2021-11-18,148493,2206,620004,1469,84572,1075,365137,859,27066,475,85739,245,36466,656,135273,295
2021-11-19,148957,2211,620905,1423,84833,1078,365653,813,27188,477,85885,273,36537,656,135457,267
2021-11-2,143825,2161,607203,992,81920,1053,357849,487,26052,462,83654,196,35554,646,132500,270
2021-11-20,149309,2213,621606,1097,85003,1080,366024,566,27301,477,85996,228,36599,656,135640,257
2021-11-21,149603,2218,622020,735,85187,1083,366248,416,27354,479,86057,123,36649,656,135753,172
2021-11-22,149850,2220,622549,817,85325,1084,366546,465,27405,479,86128,126,36704,657,135899,209
2021-11-23,150139,2222,623158,931,85485,1086,366896,530,27480,479,86204,157,36757,657,136044,204
2021-11-24,150643,2227,623882,1278,85708,1090,367253,600,27619,479,86331,276,36898,658,136235,345
2021-11-25,151175,2233,624827,1515,86031,1093,367807,898,27732,481,86435,223,36993,659,136481,348
2021-11-26,151419,2234,625199,643,86171,1093,367989,341,27780,481,86492,108,37046,660,136570,145
2021-11-27,151691,2237,625749,869,86306,1095,368294,462,27856,481,86582,174,37107,661,136693,198
2021-11-28,151954,2239,626186,726,86451,1096,368515,375,27915,482,86637,119,37164,661,136808,178
2021-11-29,152228,2240,626586,705,86628,1097,368751,428,27958,482,86684,94,37217,661,136911,167
2021-11-3,144095,2165,608284,1433,82065,1055,358452,793,26105,463,83828,239,35626,647,132749,339
2021-11-30,152793,2242,627203,1224,86959,1099,369065,662,28093,482,86788,249,37315,661,137067,265
2021-11-4,144366,2170,609633,1737,82220,1056,359397,1175,26170,465,83966,219,35677,649,132955,278
2021-11-5,144633,2173,610594,1289,82363,1058,359945,716,26232,466,84114,222,35738,649,133164,290
2021-11-6,144924,2176,611407,1174,82514,1059,360379,618,26307,467,84252,229,35803,650,133361,279
2021-11-7,145151,2177,611906,763,82656,1060,360659,440,26350,467,84320,118,35844,650,133477,164
2021-11-8,145211,2179,612153,325,82693,1062,360783,171,26357,467,84354,41,35860,650,133553,99
2021-11-9,145473,2183,612919,1088,82826,1063,361200,578,26438,470,84517,265,35908,650,133695,198
2021-12-1,153422,2248,628033,1524,87268,1104,369504,783,28252,482,86888,271,37474,662,137301,404
2021-12-10,159086,2282,636900,1942,90285,1126,374511,1046,29538,486,88136,422,38766,670,139322,356
2021-12-11,159729,2286,638000,1806,90587,1129,375115,928,29694,486,88269,299,38938,671,139616,488
2021-12-12,160307,2294,638759,1397,90944,1132,375620,901,29814,489,88350,209,39032,673,139745,233
2021-12-13,160603,2295,639202,770,91080,1133,375875,406,29872,489,88398,112,39127,673,139857,214
2021-12-14,161298,2299,640036,1555,91375,1135,376307,743,30100,489,88559,394,39274,675,140049,342
2021-12-15,161991,2303,641003,1714,91716,1136,376822,883,30235,491,88672,254,39490,676,140319,505
2021-12-16,163037,2307,642355,2472,92222,1138,377589,1316,30563,493,88904,572,39697,676,140573,477
2021-12-17,163886,2317,643498,2055,92686,1144,378279,1190,30739,495,89053,335,39903,678,140806,452
2021-12-18,164596,2328,644413,1693,93062,1149,378786,916,30876,499,89163,258,40098,680,141050,457
2021-12-19,165279,2331,645377,1716,93429,1150,379365,987,31050,501,89295,314,40237,680,141233,335
2021-12-2,154163,2252,629193,1968,87685,1105,370192,1144,28411,483,87027,305,37639,664,137561,437
2021-12-20,165820,2334,646084,1293,93731,1151,379759,717,31167,502,89389,221,40357,681,141424,321
2021-12-21,166479,2336,646911,1546,94025,1153,380163,723,31344,502,89518,321,40544,681,141654,433
2021-12-22,167610,2342,648206,2509,94648,1155,380928,1441,31618,503,89708,473,40772,684,141922,513
2021-12-23,168967,2346,649558,2804,95462,1156,381777,1718,31915,504,89869,478,41002,686,142168,489
2021-12-24,170526,2351,651082,3173,96356,1158,382640,1799,32277,506,90097,607,41269,687,142490,618
2021-12-25,171813,2356,652243,2507,97136,1161,383214,1385,32471,508,90209,313,41560,687,142889,705
2021-12-26,172264,2363,652628,855,97437,1162,383478,575,32514,510,90230,66,41655,691,142966,177
2021-12-27,172888,2369,653183,1208,97797,1165,383808,702,32656,511,90287,202,41775,693,143109,276
2021-12-28,173991,2374,653830,1780,98409,1167,384202,1015,32877,511,90359,299,42041,696,143242,409
2021-12-29,177348,2381,655277,4887,100426,1172,384958,2812,33476,513,90549,803,42769,696,143640,1149
2021-12-3,154921,2254,630277,1928,88116,1107,370824,1114,28574,483,87182,326,37802,664,137781,401
2021-12-30,180393,2391,656664,4503,102103,1174,385643,2380,34103,516,90741,839,43494,701,144050,1161
2021-12-31,183960,2400,658181,5170,104710,1180,386647,3677,34491,516,90890,548,44055,704,144340,860
2021-12-4,155457,2261,631212,1527,88387,1112,371341,821,28700,483,87334,283,37939,666,137995,363
2021-12-5,155894,2265,631896,1158,88614,1113,371740,652,28777,484,87415,158,38072,668,138160,307
2021-12-6,156185,2269,632328,745,88779,1114,371986,425,28855,486,87458,125,38120,669,138274,165
2021-12-7,156757,2271,633115,1396,89089,1116,372397,735,28974,486,87568,234,38260,669,138490,370
2021-12-8,157549,2275,634502,2285,89456,1120,373154,1170,29185,486,87775,437,38456,669,138816,557
2021-12-9,158346,2279,635750,2126,89896,1124,373874,1210,29346,486,87915,305,38633,669,139111,493
2021-2-1,79745,1471,395085,704,45702,741,232627,447,13144,294,50390,126,21047,436,89341,153
2021-2-10,83068,1542,405068,1859,47602,776,238353,1128,13735,317,51920,312,21898,449,91678,439
2021-2-11,83452,1555,406418,1866,47832,781,239107,1103,13804,319,52153,340,21988,455,91986,454
2021-2-12,83875,1560,408239,2408,48114,784,240248,1602,13864,320,52423,367,22071,456,92339,480
2021-2-13,84221,1568,409506,1696,48320,789,240959,1006,13926,322,52635,295,22155,457,92620,405
2021-2-14,84473,1577,410259,1056,48474,791,241436,690,13947,325,52740,137,22232,461,92769,252
2021-2-15,84614,1583,410586,490,48557,793,241625,288,13974,326,52785,80,22262,464,92851,124
2021-2-16,84836,1584,411632,1381,48685,793,242219,816,14016,326,52982,275,22316,465,93066,304
2021-2-17,85129,1587,412575,1314,48842,794,242746,768,14097,326,53117,241,22373,467,93298,322
2021-2-18,85450,1590,413656,1499,49077,796,243430,1019,14139,327,53250,203,22420,467,93500,276
2021-2-19,85785,1590,414703,1470,49287,796,244012,864,14229,327,53452,341,22457,467,93714,278
2021-2-2,80030,1483,396384,1727,45863,746,233384,1051,13202,299,50619,338,21115,438,89643,418
2021-2-20,85994,1595,415330,895,49393,798,244301,435,14278,328,53583,205,22515,468,93883,252
2021-2-21,86340,1597,416200,1282,49644,799,244861,887,14324,328,53689,163,22568,469,94059,249
2021-2-22,86478,1602,416468,427,49753,803,245011,277,14336,328,53719,49,22585,470,94135,102
2021-2-23,86735,1608,417565,1458,49895,806,245620,841,14387,330,53911,273,22653,471,94405,384
2021-2-24,87025,1612,418560,1375,50081,808,246237,900,14437,331,54084,248,22707,472,94573,246
2021-2-25,87333,1612,419671,1521,50275,808,246887,941,14486,331,54244,234,22772,472,94834,363
2021-2-26,87764,1618,421019,1884,50570,811,247769,1302,14552,333,54435,294,22847,473,95037,305
2021-2-27,88056,1621,422002,1367,50789,813,248372,908,14589,334,54603,225,22883,473,95213,243
2021-2-28,88345,1625,422887,1249,51015,815,248978,910,14623,334,54718,172,22913,475,95331,163
2021-2-3,80284,1490,397097,1026,45976,748,233657,437,13264,302,50803,270,21195,440,89854,321
2021-2-4,80645,1496,398118,1490,46174,751,234181,803,13342,303,50966,270,21284,442,90151,438
2021-2-5,81211,1505,399736,2334,46516,756,235143,1469,13432,306,51190,358,21422,443,90509,545
2021-2-6,81709,1513,401339,2232,46828,761,236106,1415,13507,309,51402,333,21535,443,90861,513
2021-2-7,82071,1525,402213,1307,47044,767,236714,905,13547,313,51486,137,21643,445,91024,296
2021-2-8,82355,1531,403019,1157,47187,772,237134,626,13597,313,51584,159,21737,446,91276,377
2021-2-9,82620,1537,403763,1076,47364,774,237573,682,13649,315,51724,204,21774,448,91403,188
2021-3-1,88479,1630,423258,538,51112,816,249253,404,14642,335,54745,52,22933,478,95383,84
2021-3-10,90375,1663,431926,1922,52459,834,255080,1622,14933,340,55962,189,23200,488,96674,160
2021-3-11,90580,1668,432756,1095,52614,836,255606,739,14962,343,56070,145,23223,488,96820,185
2021-3-12,90817,1669,433719,1284,52806,836,256267,958,14984,344,56211,182,23247,488,96945,174
2021-3-13,91009,1671,434596,1149,52939,836,256848,797,15006,345,56359,207,23288,489,97058,172
2021-3-14,91237,1673,435467,1167,53117,838,257426,838,15023,345,56510,193,23323,489,97166,159
2021-3-15,91371,1674,436024,729,53219,838,257828,552,15038,346,56571,87,23342,489,97238,100
2021-3-16,91502,1675,436540,686,53309,839,258134,430,15055,346,56659,117,23367,489,97338,137
2021-3-17,91785,1679,437603,1427,53525,843,258814,985,15088,346,56825,228,23405,489,97499,222
2021-3-18,91986,1679,438213,867,53684,843,259209,613,15113,346,56896,117,23422,489,97609,147
2021-3-19,92246,1683,439192,1315,53864,844,259858,915,15151,346,57017,173,23464,492,97762,221
2021-3-2,88731,1633,424224,1307,51280,817,249816,817,14683,336,54914,243,22974,479,95572,263
2021-3-20,92576,1686,440495,1731,54100,845,260758,1242,15208,348,57169,233,23504,492,97957,258
2021-3-21,92714,1686,440961,642,54211,845,261081,477,15221,348,57213,63,23520,492,98035,105
2021-3-22,92895,1689,441410,670,54359,848,261415,537,15238,348,57252,63,23537,492,98092,79
2021-3-23,93091,1692,442027,858,54496,849,261763,529,15273,348,57388,190,23563,494,98181,124
2021-3-24,93308,1692,442904,1156,54649,849,262326,772,15306,348,57530,195,23592,494,98322,191
2021-3-25,93610,1694,443808,1264,54869,849,262934,908,15357,348,57652,184,23623,496,98459,183
2021-3-26,93960,1695,444873,1492,55092,849,263657,1050,15437,348,57818,264,23677,497,98588,204
2021-3-27,94318,1697,445945,1516,55352,849,264288,970,15492,348,58056,338,23727,499,98760,239
2021-3-28,94644,1701,446819,1270,55598,852,264876,912,15539,349,58164,167,23765,499,98885,187
2021-3-29,94828,1701,447176,578,55737,852,265107,409,15563,349,58202,73,23788,499,98959,105
2021-3-3,88962,1636,424970,1049,51446,817,250293,696,14727,336,55035,191,22995,482,95681,157
2021-3-30,95081,1703,447818,951,55888,853,265473,566,15635,349,58330,229,23822,500,99070,157
2021-3-31,95464,1703,449093,1744,56160,853,266283,1175,15698,349,58526,289,23869,500,99284,293
2021-3-4,89182,1637,425954,1266,51587,818,250890,801,14763,336,55201,230,23039,482,95851,236
2021-3-5,89435,1641,427214,1618,51761,819,251688,1086,14803,338,55410,281,23079,483,96065,282
2021-3-6,89666,1645,428098,1188,51944,822,252302,877,14825,339,55516,150,23108,483,96199,184
2021-3-7,89875,1649,428937,1120,52085,825,252850,759,14863,340,55644,192,23139,483,96324,175
2021-3-8,89993,1653,429333,540,52173,828,253111,373,14877,340,55685,63,23155,484,96406,112
2021-3-9,90191,1659,430321,1257,52319,830,253784,899,14910,340,55818,189,23178,488,96556,196
2021-4-1,95841,1707,450187,1556,56420,855,267037,1111,15769,350,58644,217,23918,501,99452,234
2021-4-10,98747,1732,458293,1353,58391,867,272326,865,16363,353,59883,240,24285,511,100698,238
2021-4-11,99090,1739,459013,1126,58646,870,272826,827,16412,356,59953,130,24327,512,100815,176
2021-4-12,99296,1741,459460,688,58785,870,273122,465,16453,357,60008,109,24358,513,100898,129
2021-4-13,99662,1746,460234,1197,59019,871,273570,741,16537,358,60166,265,24410,516,101015,186
2021-4-14,100056,1751,461139,1361,59306,872,274114,894,16598,360,60323,246,24459,518,101170,223
2021-4-15,100455,1751,462143,1475,59561,872,274781,1000,16668,360,60472,235,24535,518,101328,252
2021-4-16,100894,1753,463273,1637,59864,873,275564,1179,16734,360,60610,220,24608,519,101489,254
2021-4-17,101269,1755,464255,1431,60113,873,276199,970,16804,361,60760,240,24670,520,101642,240
2021-4-18,101669,1756,465054,1267,60398,873,276723,884,16870,361,60878,210,24719,521,101756,174
2021-4-19,101832,1756,465444,590,60516,873,276976,413,16888,361,60931,75,24746,521,101827,107
2021-4-2,96318,1707,451465,1860,56743,855,267897,1288,15859,350,58842,321,23988,501,99602,255
2021-4-20,102122,1757,466223,1137,60710,874,277482,780,16937,361,61050,182,24795,521,101942,180
2021-4-21,102402,1760,467023,1151,60889,875,277986,755,16974,362,61176,190,24860,522,102075,213
2021-4-22,102736,1760,468053,1452,61115,875,278710,1050,17049,362,61308,222,24902,522,102208,197
2021-4-23,103066,1764,469013,1363,61306,877,279296,849,17127,364,61465,268,24965,522,102382,254
2021-4-24,103352,1766,469938,1291,61497,877,279904,873,17179,365,61609,216,25013,523,102516,197
2021-4-25,103595,1769,470587,949,61644,879,280317,628,17230,365,61695,155,25060,524,102624,168
2021-4-26,103737,1772,471076,666,61751,880,280651,489,17251,366,61760,97,25074,525,102697,96
2021-4-27,103964,1777,471801,1013,61887,882,281073,627,17312,367,61917,231,25106,527,102811,159
2021-4-28,104157,1777,472488,936,61982,882,281465,545,17370,367,62037,193,25146,527,102952,203
2021-4-29,104498,1780,473534,1472,62179,885,282145,977,17456,367,62199,270,25205,527,103117,251
2021-4-3,96612,1710,452408,1321,56955,857,268530,928,15915,350,58960,194,24014,502,99755,201
2021-4-30,104716,1780,474404,1157,62319,885,282728,779,17495,367,62309,170,25246,527,103270,217
2021-4-4,96823,1714,453109,958,57094,858,268952,605,15954,351,59065,164,24048,504,99901,191
2021-4-5,97055,1716,453603,767,57274,858,269310,595,15974,352,59102,65,24082,505,99982,126
2021-4-6,97286,1720,454169,835,57429,860,269647,540,16034,353,59228,203,24102,506,100053,98
2021-4-7,97609,1723,455210,1436,57656,860,270309,954,16099,353,59435,298,24137,509,100196,201
2021-4-8,97986,1724,456333,1581,57895,860,271038,1058,16191,353,59557,237,24185,510,100433,301
2021-4-9,98404,1729,457358,1519,58173,864,271755,1086,16289,353,59728,290,24231,511,100536,166
2021-5-1,104998,1781,475361,1320,62467,885,283335,836,17568,368,62452,242,25310,527,103421,237
2021-5-10,106414,1796,481189,493,63392,891,287019,310,17811,372,63256,66,25561,532,104486,121
2021-5-11,106519,1797,481711,668,63443,891,287309,384,17841,372,63343,129,25588,533,104590,147
2021-5-12,106652,1800,482477,974,63521,893,287787,631,17871,373,63451,157,25615,533,104733,193
2021-5-13,106782,1805,483126,826,63605,894,288197,551,17890,374,63548,129,25643,536,104835,154
2021-5-14,106945,1806,483858,960,63695,895,288645,594,17925,374,63678,188,25682,536,104956,186
2021-5-15,107070,1806,484585,884,63784,895,289095,595,17943,374,63784,134,25700,536,105086,162
2021-5-16,107152,1806,485022,552,63840,895,289356,353,17948,374,63835,60,25721,536,105191,140
2021-5-17,107241,1807,485366,448,63901,896,289586,315,17956,374,63861,37,25741,536,105264,100
2021-5-18,107335,1807,485944,720,63956,896,289920,420,17968,374,63966,141,25767,536,105388,170
2021-5-19,107434,1811,486581,793,64016,898,290314,506,17991,375,64061,134,25784,537,105512,157
2021-5-2,105154,1787,475966,825,62574,889,283740,590,17588,369,62489,62,25339,528,103559,184
2021-5-20,107571,1811,487373,982,64106,898,290845,688,18010,375,64148,119,25813,537,105647,189
2021-5-21,107682,1811,488181,973,64177,898,291395,700,18021,375,64257,134,25841,537,105767,165
2021-5-22,107764,1812,488738,685,64241,899,291749,462,18029,375,64327,89,25851,537,105874,129
2021-5-23,107812,1815,489153,492,64275,902,291988,310,18036,375,64365,49,25859,537,105996,146
2021-5-24,107886,1815,489447,399,64324,902,292158,240,18040,375,64401,44,25880,537,106077,111
2021-5-25,107939,1816,489911,557,64352,903,292439,344,18050,375,64477,97,25896,537,106160,113
2021-5-26,108013,1817,490517,738,64397,903,292790,454,18059,376,64558,102,25916,537,106315,197
2021-5-27,108083,1818,491172,783,64449,903,293199,521,18066,377,64627,84,25927,537,106462,181
2021-5-28,108183,1819,491815,800,64514,904,293617,538,18076,377,64702,103,25951,537,106593,174
2021-5-29,108231,1820,492259,517,64534,905,293885,315,18081,377,64777,86,25974,537,106669,113
2021-5-3,105292,1788,476397,603,62679,889,284008,416,17602,369,62535,68,25359,529,103659,131
2021-5-30,108278,1821,492653,473,64566,906,294134,329,18085,377,64819,53,25984,537,106753,99
2021-5-31,108306,1823,492862,253,64577,907,294266,160,18090,377,64843,32,25996,538,106792,57
2021-5-4,105481,1790,477087,959,62803,889,284397,586,17636,369,62694,215,25391,531,103764,150
2021-5-5,105649,1790,477776,906,62912,889,284845,620,17661,369,62799,141,25422,531,103859,136
2021-5-6,105848,1792,478720,1211,63043,890,285458,824,17705,370,62936,200,25447,531,104021,207
2021-5-7,106017,1792,479545,1066,63142,890,285969,679,17741,370,63050,170,25480,531,104171,203
2021-5-8,106223,1794,480394,1116,63264,891,286532,762,17779,371,63148,144,25526,531,104325,219
2021-5-9,106323,1795,480816,560,63333,891,286799,369,17798,371,63206,96,25540,532,104400,101
2021-6-1,108322,1824,493037,207,64588,907,294370,131,18093,378,64860,25,25998,538,106839,54
2021-6-10,108696,1833,497103,580,64785,911,296792,362,18142,380,65375,70,26125,541,107738,142
2021-6-11,108727,1833,497668,658,64808,911,297157,452,18147,380,65441,79,26129,541,107847,140
2021-6-12,108760,1833,498110,516,64825,911,297426,333,18150,380,65513,84,26142,541,107927,104
2021-6-13,108778,1835,498460,407,64841,912,297644,270,18150,381,65557,60,26144,541,108002,89
2021-6-14,108790,1835,498722,290,64847,912,297797,181,18154,381,65593,46,26146,541,108064,69
2021-6-15,108821,1836,499058,395,64868,912,298001,255,18159,382,65641,61,26151,541,108139,86
2021-6-16,108875,1836,499640,680,64900,912,298366,439,18168,382,65723,106,26163,541,108253,139
2021-6-17,108901,1837,500103,536,64908,912,298629,319,18172,383,65785,79,26177,541,108373,151
2021-6-18,108930,1837,500585,561,64926,912,298915,360,18176,383,65858,84,26184,541,108465,113
2021-6-19,108952,1838,500990,451,64940,912,299153,276,18178,383,65916,64,26191,542,108553,104
2021-6-2,108370,1825,493424,462,64619,907,294618,304,18099,379,64912,66,26009,538,106909,98
2021-6-20,108968,1840,501277,332,64948,914,299345,242,18180,383,65939,31,26197,542,108605,65
2021-6-21,108982,1841,501515,268,64957,915,299474,162,18184,383,65962,32,26198,542,108669,69
2021-6-22,109008,1842,501846,380,64970,915,299655,208,18188,383,66017,75,26207,543,108753,102
2021-6-23,109029,1842,502232,442,64983,915,299875,273,18192,383,66075,69,26212,543,108841,104
2021-6-24,109047,1843,502517,342,64994,916,300009,174,18193,383,66114,44,26218,543,108934,115
2021-6-25,109066,1843,503065,611,65002,916,300296,326,18201,383,66220,132,26220,543,109052,135
2021-6-26,109089,1843,503493,489,65018,916,300562,318,18202,383,66285,75,26226,543,109137,104
2021-6-27,109108,1844,504016,580,65033,916,300867,353,18203,384,66329,51,26229,543,109297,181
2021-6-28,109119,1844,504231,244,65039,916,300980,145,18203,384,66349,25,26233,543,109372,89
2021-6-29,109151,1844,504580,408,65058,916,301176,235,18207,384,66398,65,26242,543,109458,102
2021-6-3,108413,1825,493932,585,64639,907,294921,363,18101,379,64970,74,26030,538,107024,148
2021-6-30,109175,1845,504970,451,65063,917,301401,274,18217,384,66462,82,26251,543,109544,105
2021-6-4,108472,1826,494450,608,64663,908,295225,357,18113,379,65041,89,26053,538,107147,163
2021-6-5,108529,1827,495026,690,64694,908,295584,437,18123,379,65097,89,26069,539,107259,149
2021-6-6,108571,1828,495464,514,64720,909,295833,306,18127,379,65163,86,26081,539,107356,123
2021-6-7,108592,1828,495713,289,64729,909,295959,151,18130,379,65186,29,26090,539,107437,102
2021-6-8,108628,1830,496120,477,64745,910,296218,311,18133,380,65242,72,26106,539,107509,98
2021-6-9,108658,1830,496595,556,64762,910,296489,335,18138,380,65320,93,26114,539,107617,128
2021-7-1,109224,1845,505511,636,65089,917,301708,368,18230,384,66548,117,26262,543,109669,160
2021-7-10,109477,1849,508783,634,65241,920,303555,369,18273,385,67032,114,26320,543,110400,128
2021-7-11,109499,1849,509037,297,65254,920,303697,168,18278,385,67063,39,26324,543,110468,84
2021-7-12,109516,1850,509194,191,65263,920,303765,90,18279,385,67078,21,26331,544,110534,80
2021-7-13,109574,1851,509670,576,65297,920,304029,343,18296,385,67166,123,26338,545,110639,126
2021-7-14,109623,1851,510036,447,65317,920,304217,239,18305,385,67237,96,26358,545,110718,107
2021-7-15,109664,1852,510501,556,65336,921,304470,307,18312,385,67327,116,26372,545,110822,136
2021-7-16,109726,1852,511019,621,65376,921,304783,387,18319,385,67398,89,26386,545,110933,145
2021-7-17,109771,1852,511468,521,65391,921,305026,281,18336,385,67477,109,26399,545,111036,127
2021-7-18,109810,1853,511803,405,65414,921,305224,251,18342,385,67511,44,26409,546,111113,97
2021-7-19,109846,1853,512016,269,65436,921,305330,152,18346,385,67539,39,26419,546,111184,89
2021-7-2,109252,1845,505919,458,65103,917,301958,289,18238,384,66594,62,26268,543,109756,99
2021-7-20,109893,1853,512423,477,65462,921,305517,235,18356,385,67623,106,26429,546,111291,124
2021-7-21,109953,1854,512866,534,65500,922,305780,329,18364,385,67694,89,26446,546,111383,123
2021-7-22,110010,1855,513231,445,65523,922,305938,205,18374,385,67761,87,26474,547,111503,155
2021-7-23,110095,1857,513754,652,65561,923,306252,394,18390,385,67834,99,26505,548,111608,151
2021-7-24,110166,1857,514271,627,65606,923,306566,409,18397,385,67906,90,26524,548,111717,135
2021-7-25,110232,1858,514689,521,65656,923,306817,335,18406,385,67951,56,26531,549,111806,109
2021-7-26,110300,1858,515043,449,65699,923,307018,270,18412,385,67993,56,26554,549,111893,124
2021-7-27,110364,1858,515405,451,65733,923,307201,243,18431,385,68077,112,26565,549,111965,90
2021-7-28,110470,1858,516040,789,65791,923,307511,413,18446,385,68160,109,26599,549,112189,293
2021-7-29,110616,1859,516557,700,65876,924,307769,384,18475,385,68250,138,26631,549,112333,190
2021-7-3,109280,1846,506350,490,65123,918,302195,284,18244,384,66661,82,26270,543,109854,113
2021-7-30,110748,1860,517075,701,65951,924,308053,404,18502,386,68334,125,26664,549,112455,169
2021-7-31,110897,1861,517736,869,66023,925,308411,477,18535,386,68448,164,26710,549,112611,230
2021-7-4,109298,1846,506554,239,65135,918,302314,148,18246,384,66689,31,26274,543,109899,59
2021-7-5,109310,1846,506720,194,65142,918,302412,121,18246,384,66703,19,26279,543,109947,55
2021-7-6,109322,1846,506880,184,65144,918,302480,81,18250,384,66724,26,26285,543,110000,65
2021-7-7,109342,1846,507091,251,65156,918,302595,140,18252,384,66778,65,26291,543,110036,47
2021-7-8,109395,1846,507631,639,65186,918,302885,363,18263,384,66848,95,26303,543,110184,175
2021-7-9,109423,1847,508234,700,65207,918,303261,473,18264,385,66936,98,26310,543,110291,133
2021-8-1,111015,1862,518212,630,66086,925,308669,353,18555,386,68485,66,26748,550,112766,206
2021-8-10,112554,1872,523745,669,66825,927,311675,351,18946,391,69357,164,27165,553,114145,152
2021-8-11,112881,1872,524816,1463,66978,927,312202,741,19037,391,69615,374,27249,553,114376,340
2021-8-12,113146,1873,525763,1282,67106,928,312646,642,19096,391,69738,195,27327,553,114694,432
2021-8-13,113498,1873,526748,1414,67261,928,313236,807,19208,391,69859,255,27412,553,114913,341
2021-8-14,113802,1875,527545,1168,67380,929,313627,558,19299,392,69979,229,27508,553,115145,359
2021-8-15,114085,1875,528225,1006,67533,929,313987,562,19375,392,70089,199,27566,553,115312,251
2021-8-16,114237,1876,528794,763,67607,930,314269,390,19409,392,70150,108,27610,553,115512,269
2021-8-17,114566,1881,529537,1114,67766,932,314594,527,19496,394,70340,295,27695,554,115715,295
2021-8-18,114996,1885,530502,1451,67960,936,315052,716,19622,394,70606,414,27804,554,115915,335
2021-8-19,115388,1886,531505,1483,68157,936,315612,835,19742,394,70837,383,27882,555,116080,267
2021-8-2,111096,1863,518550,449,66134,925,308864,268,18571,387,68508,47,26766,550,112877,143
2021-8-20,115753,1889,532508,1455,68337,938,316067,705,19831,395,71023,303,27983,555,116377,441
2021-8-21,116057,1894,533649,1524,68474,940,316720,866,19910,396,71165,244,28072,557,116672,409
2021-8-22,116338,1900,534284,984,68611,942,317023,488,19957,397,71238,133,28170,560,116887,344
2021-8-23,116533,1904,534684,630,68716,943,317222,334,19991,399,71278,87,28227,561,117016,201
2021-8-24,116868,1906,535446,1166,68858,944,317615,604,20080,400,71410,240,28335,561,117204,324
2021-8-25,117291,1909,536400,1454,69086,947,318127,824,20170,400,71575,278,28442,561,117419,347
2021-8-26,117812,1911,537686,1919,69343,948,318791,1023,20300,401,71896,480,28577,561,117654,408
2021-8-27,118206,1912,538505,1280,69491,948,319162,581,20426,401,72061,316,28697,562,117865,359
2021-8-28,118508,1912,539853,1749,69644,948,319763,822,20483,401,72506,548,28790,562,118075,327
2021-8-29,118900,1914,540787,1405,69856,950,320183,706,20565,401,72775,374,28888,562,118258,308
2021-8-3,111212,1864,519058,668,66183,925,309156,384,18609,388,68612,155,26795,550,112962,123
2021-8-30,119133,1916,541357,844,69943,950,320428,364,20613,401,72854,140,28986,564,118477,335
2021-8-31,119465,1918,542194,1239,70104,952,320813,614,20688,401,73103,350,29082,564,118609,248
2021-8-4,111396,1864,519719,900,66263,925,309507,501,18666,388,68729,185,26842,550,113122,225
2021-8-5,111615,1865,520664,1239,66365,925,310034,689,18726,388,68858,211,26899,551,113372,340
2021-8-6,111860,1866,521545,1208,66485,925,310483,642,18789,389,69004,230,26963,551,113610,336
2021-8-7,112076,1868,522247,980,66583,926,310855,526,18836,389,69118,174,27033,552,113786,271
2021-8-8,112282,1869,522845,856,66689,926,311184,479,18875,390,69208,140,27093,552,113925,217
2021-8-9,112409,1869,523252,569,66758,926,311419,342,18900,390,69248,72,27128,552,114041,164
2021-9-1,120000,1921,543208,1653,70361,953,321358,904,20829,401,73282,335,29222,566,118844,409
2021-9-10,123843,1951,552157,2576,72255,965,326487,1732,21743,411,74922,481,30269,574,120547,392
2021-9-11,124383,1955,553526,2042,72567,966,327454,1421,21842,411,75106,306,30398,577,120724,333
2021-9-12,124819,1960,554500,1464,72770,967,328023,831,21924,415,75226,213,30552,577,120961,415
2021-9-13,125095,1966,555071,911,72929,969,328383,572,21967,416,75282,111,30625,580,121088,224
2021-9-14,125341,1970,555698,944,73018,969,328736,513,22029,418,75381,181,30720,582,121237,265
2021-9-15,125894,1975,557123,2119,73284,970,329656,1331,22180,418,75613,424,30851,585,121472,394
2021-9-16,126504,1984,558847,2499,73588,974,330700,1521,22316,421,75916,488,31021,587,121766,509
2021-9-17,127082,1987,560495,2406,73889,974,331664,1436,22465,423,76202,491,31153,588,122062,466
2021-9-18,127543,1991,561990,2093,74111,974,332563,1257,22559,424,76424,359,31295,591,122323,452
2021-9-19,127991,1992,563004,1553,74338,975,333130,884,22670,424,76581,296,31407,591,122560,377
2021-9-2,120542,1924,544686,2151,70633,955,322170,1217,20962,402,73572,456,29361,566,119151,491
2021-9-20,128266,2000,563623,946,74473,979,333494,559,22732,426,76658,153,31487,593,122701,239
2021-9-21,128535,2004,564314,1021,74591,982,333837,510,22793,426,76775,200,31572,594,122889,296
2021-9-22,129158,2008,566101,2632,74884,985,334925,1573,22949,427,77062,518,31752,594,123220,572
2021-9-23,129719,2016,567942,2550,75137,987,335885,1348,23067,428,77437,554,31929,599,123615,632
2021-9-24,130313,2021,569760,2593,75436,989,336887,1486,23192,429,77725,463,32088,601,124030,643
2021-9-25,130687,2023,571040,1767,75600,989,337613,996,23281,430,77969,379,32194,602,124289,413
2021-9-26,131084,2028,572340,1803,75793,991,338340,1019,23358,430,78142,293,32310,605,124633,509
2021-9-27,131370,2031,572894,892,75949,992,338635,508,23407,430,78225,146,32387,607,124782,247
2021-9-28,131661,2034,573775,1256,76113,993,339112,718,23457,430,78362,221,32457,609,124967,284
2021-9-29,132172,2038,575233,2137,76371,995,339871,1148,23551,430,78605,396,32610,611,125337,577
2021-9-3,120991,1925,545804,1653,70822,955,322795,893,21083,402,73749,323,29500,567,119416,441
2021-9-30,132803,2042,576805,2368,76633,997,340665,1197,23713,430,78907,527,32793,613,125706,617
2021-9-4,121368,1931,546650,1306,70991,957,323288,721,21186,404,73887,259,29606,569,119584,303
2021-9-5,121640,1932,547400,1086,71124,957,323610,503,21242,404,74071,257,29689,570,119735,259
2021-9-6,122001,1933,548071,1098,71306,958,324017,669,21318,404,74135,150,29792,570,119908,304
2021-9-7,122242,1939,548589,816,71433,960,324326,490,21364,407,74174,94,29862,571,120050,243
2021-9-8,122591,1943,549308,1132,71586,962,324679,554,21469,408,74401,361,29956,572,120150,205
2021-9-9,123221,1948,550384,1794,71926,965,325265,1006,21609,409,74637,405,30109,573,120348,375
2022-1-1,187349,2409,659672,4946,106659,1185,387382,2710,35165,518,91110,905,44815,706,144792,1234
2022-1-10,212816,2495,668567,3330,122461,1225,392963,1768,39828,540,92085,650,49792,730,146650,839
2022-1-11,214766,2505,669182,2604,123584,1231,393302,1484,40244,541,92185,521,50197,733,146784,548
2022-1-12,218534,2517,670554,5210,125645,1236,394078,2872,41038,543,92413,1036,51099,738,147079,1212
2022-1-13,221591,2527,671861,4440,127219,1242,394784,2319,41753,545,92628,944,51854,740,147379,1075
2022-1-14,224825,2537,673210,4655,128873,1244,395523,2429,42488,549,92857,976,52689,744,147678,1157
2022-1-15,227384,2545,674346,3750,130161,1249,396163,1956,43004,549,93029,697,53434,747,147947,1027
2022-1-16,229481,2559,675473,3299,131182,1255,396779,1678,43581,552,93197,761,53925,752,148195,751
2022-1-17,230704,2575,676029,1814,132006,1264,397151,1216,43727,554,93245,198,54175,757,148298,362
2022-1-18,232006,2593,676684,1998,132781,1275,397599,1248,43927,558,93300,260,54501,760,148422,461
2022-1-19,233640,2606,677371,2353,133506,1285,397972,1114,44347,559,93397,522,54989,762,148597,670
2022-1-2,188871,2418,660309,2193,107635,1189,387764,1379,35472,521,91189,392,45050,708,144910,358
2022-1-20,235838,2617,678385,3284,134689,1292,398510,1752,44884,561,93583,739,55464,764,148831,729
2022-1-21,238428,2624,679523,3801,135838,1294,399057,1730,45570,563,93795,920,56213,767,149135,1064
2022-1-22,240132,2638,680568,2802,136737,1300,399660,1528,45978,565,93966,591,56608,773,149358,628
2022-1-23,241313,2647,681326,1979,137402,1303,400141,1176,46161,569,94049,268,56940,775,149527,509
2022-1-24,242308,2656,681941,1651,137923,1309,400465,858,46394,571,94173,373,57177,776,149660,379
2022-1-25,243220,2661,682482,1490,138307,1312,400737,678,46685,572,94272,402,57413,777,149785,362
2022-1-26,244753,2674,683490,2599,139037,1318,401332,1350,47014,576,94400,470,57885,780,150032,737
2022-1-27,246072,2689,684438,2330,139698,1323,401846,1206,47315,582,94547,462,58239,784,150267,604
2022-1-28,247032,2701,685311,1884,140201,1326,402316,999,47549,588,94684,383,58460,787,150479,441
2022-1-29,247723,2709,685941,1348,140524,1333,402648,667,47713,588,94797,281,58664,788,150614,348
2022-1-3,191220,2433,661236,3337,108997,1196,388170,1794,35834,525,91295,477,45671,712,145272,1002
2022-1-30,248223,2713,686313,892,140811,1334,402874,524,47812,589,94833,140,58778,790,150703,206
2022-1-31,248578,2720,686597,662,141007,1339,403051,388,47888,590,94871,114,58861,791,150759,146
2022-1-4,192625,2442,661684,1880,109973,1201,388451,1274,36018,527,91341,233,45911,714,145365,339
2022-1-5,195609,2450,662669,4024,112070,1206,389139,2816,36418,528,91418,489,46392,716,145545,670
2022-1-6,200060,2457,664127,6000,114903,1209,390118,3869,37257,528,91584,1018,47157,720,145783,1019
2022-1-7,203624,2468,665594,6354,117089,1213,391107,3975,38113,530,91756,1185,47722,725,146021,1093
2022-1-8,207376,2473,666968,5217,119355,1216,392028,3237,38763,532,91897,808,48538,725,146272,1084
2022-1-9,210256,2484,667851,3804,121111,1221,392568,2323,39277,535,91995,616,49141,728,146478,817
2022-10-1,309338,3146,759522,544,175769,1518,440622,284,60192,702,106620,125,72296,926,170389,115
2022-10-10,310616,3154,761666,275,176488,1523,441659,134,60471,703,106983,43,72573,928,170999,90
2022-10-11,310783,3155,761942,443,176581,1523,441811,245,60512,703,107031,89,72606,929,171055,89
2022-10-12,310900,3157,762215,390,176655,1524,441934,197,60532,703,107079,68,72628,930,171141,108
2022-10-13,311072,3158,762513,470,176766,1525,442051,228,60560,703,107138,87,72660,930,171235,126
2022-10-14,311282,3159,762938,635,176881,1526,442273,337,60606,703,107223,131,72708,930,171333,146
2022-10-15,311445,3159,763237,462,176964,1526,442428,238,60654,703,107283,108,72739,930,171403,101
2022-10-16,311529,3161,763431,278,177017,1526,442502,127,60663,703,107322,48,72760,932,171471,89
2022-10-17,311602,3163,763612,254,177051,1527,442574,106,60679,704,107352,46,72783,932,171535,87
2022-10-18,311759,3165,763941,486,177152,1528,442741,268,60715,704,107419,103,72803,933,171606,91
2022-10-19,311918,3165,764213,431,177229,1528,442858,194,60754,704,107468,88,72846,933,171698,135
2022-10-2,309429,3149,759707,276,175819,1519,440697,125,60209,703,106650,47,72320,927,170457,92
2022-10-20,312082,3165,764521,472,177320,1528,442996,229,60788,704,107533,99,72884,933,171784,124
2022-10-21,312254,3166,764841,492,177406,1529,443154,244,60828,704,107599,106,72930,933,171865,127
2022-10-22,312392,3167,765129,426,177486,1529,443281,207,60854,704,107657,84,72962,934,171954,121
2022-10-23,312485,3168,765311,275,177530,1530,443365,128,60873,704,107687,49,72989,934,172016,89
2022-10-24,312573,3168,765466,243,177581,1530,443438,124,60887,704,107716,43,73011,934,172059,65
2022-10-25,312743,3168,765745,449,177693,1530,443590,264,60916,704,107754,67,73040,934,172131,101
2022-10-26,312939,3169,766089,540,177803,1530,443741,261,60963,705,107835,128,73078,934,172222,129
2022-10-27,313066,3171,766402,440,177871,1532,443863,190,60991,705,107893,86,73109,934,172333,142
2022-10-28,313229,3171,766757,518,177960,1532,444043,269,61030,705,107967,113,73144,934,172416,118
2022-10-29,313370,3172,767076,460,178036,1532,444182,215,61061,705,108047,111,73176,935,172497,113
2022-10-3,309509,3151,759855,228,175863,1520,440767,114,60225,703,106673,39,72340,928,170504,67
2022-10-30,313467,3173,767273,294,178079,1532,444262,123,61075,705,108079,46,73215,936,172570,112
2022-10-31,313536,3173,767429,225,178119,1532,444342,120,61086,705,108105,37,73233,936,172617,65
2022-10-4,309653,3151,760053,342,175939,1520,440865,174,60262,703,106718,82,72371,928,170549,76
2022-10-5,309870,3152,760370,534,176049,1521,441014,259,60305,703,106774,99,72435,928,170639,154
2022-10-6,310057,3152,760663,480,176153,1521,441156,246,60353,703,106830,104,72469,928,170711,106
2022-10-7,310255,3152,760977,512,176276,1521,441345,312,60398,703,106874,89,72499,928,170776,95
2022-10-8,310433,3152,761299,500,176375,1521,441505,259,60445,703,106936,109,72529,928,170852,106
2022-10-9,310525,3153,761482,275,176437,1522,441576,133,60455,703,106956,30,72549,928,170933,101
2022-11-1,313673,3173,767708,416,178201,1532,444501,241,61114,705,108161,84,73260,936,172670,80
2022-11-10,314893,3181,770571,451,178903,1534,445912,218,61338,708,108683,81,73550,939,173449,133
2022-11-11,315032,3182,770898,466,178980,1534,446096,261,61364,708,108732,75,73586,940,173532,119
2022-11-12,315139,3182,771205,414,179043,1534,446255,222,61382,708,108782,68,73611,940,173619,112
2022-11-13,315189,3183,771380,225,179072,1534,446324,98,61391,708,108821,48,73623,941,173677,70
2022-11-14,315244,3183,771525,200,179100,1534,446388,92,61403,708,108851,42,73638,941,173723,61
2022-11-15,315393,3184,771831,455,179180,1535,446551,243,61435,708,108899,80,73674,941,173795,108
2022-11-16,315504,3184,772168,448,179244,1535,446715,228,61454,708,108960,80,73702,941,173889,122
2022-11-17,315614,3184,772496,438,179309,1535,446854,204,61473,708,109041,100,73727,941,173977,113
2022-11-18,315753,3184,772852,495,179395,1535,447035,267,61501,708,109117,104,73749,941,174062,107
2022-11-19,315853,3184,773180,428,179447,1535,447196,213,61529,708,109186,97,73769,941,174138,96
2022-11-2,313825,3174,768075,519,178295,1533,444677,270,61139,705,108234,98,73293,936,172767,130
2022-11-20,315920,3184,773394,281,179492,1535,447289,138,61533,708,109222,40,73787,941,174211,91
2022-11-21,315990,3184,773583,259,179526,1535,447382,127,61545,708,109255,45,73810,941,174264,76
2022-11-22,316097,3184,773815,339,179588,1535,447485,165,61570,708,109297,67,73830,941,174340,96
2022-11-23,316260,3184,774094,442,179666,1535,447617,210,61608,708,109354,95,73877,941,174419,126
2022-11-24,316379,3184,774356,381,179740,1535,447713,170,61626,708,109403,67,73901,941,174515,120
2022-11-25,316425,3184,774484,174,179766,1535,447757,70,61630,708,109424,25,73917,941,174573,74
2022-11-26,316560,3184,774795,446,179857,1535,447946,280,61653,708,109491,90,73938,941,174614,62
2022-11-27,316636,3184,775025,306,179902,1535,448049,148,61666,708,109525,47,73956,941,174696,100
2022-11-28,316773,3184,775203,315,179975,1535,448144,168,61693,708,109552,54,73992,941,174741,81
2022-11-29,316995,3184,775506,525,180102,1535,448247,230,61735,708,109605,95,74045,941,174870,182
2022-11-3,313994,3174,768454,548,178392,1533,444855,275,61165,705,108295,87,73338,936,172886,164
2022-11-30,317207,3184,775839,545,180224,1535,448413,288,61782,708,109673,115,74088,941,174952,125
2022-11-4,314153,3174,768776,481,178489,1533,445022,264,61188,705,108349,77,73377,936,172963,116
2022-11-5,314303,3178,769141,515,178569,1534,445204,262,61223,707,108448,134,73412,937,173034,106
2022-11-6,314384,3180,769378,318,178622,1534,445316,165,61233,707,108492,54,73429,939,173105,88
2022-11-7,314469,3180,769572,279,178666,1534,445420,148,61249,707,108519,43,73454,939,173158,78
2022-11-8,314639,3180,769890,488,178768,1534,445602,284,61282,707,108565,79,73488,939,173233,109
2022-11-9,314756,3180,770257,484,178832,1534,445765,227,61310,707,108630,93,73513,939,173353,145
2022-12-1,317431,3184,776258,643,180358,1535,448627,348,61824,708,109756,125,74136,941,175052,148
2022-12-2,317633,3184,776577,521,180456,1535,448776,247,61864,708,109813,97,74196,941,175150,158
2022-12-3,317804,3184,776932,526,180542,1535,448926,236,61903,708,109889,115,74242,941,175258,154
2022-12-4,317905,3184,777147,316,180598,1535,449018,148,61916,708,109933,57,74274,941,175324,98
2022-12-5,317998,3184,777368,314,180650,1535,449120,154,61932,708,109979,62,74299,941,175387,88
2022-12-6,318143,3184,777611,388,180713,1535,449244,187,61966,708,110018,73,74346,941,175454,114
2022-12-7,318361,3184,777953,560,180814,1535,449400,257,62012,708,110084,112,74416,941,175560,176
2022-12-8,318567,3184,778308,561,180904,1535,449568,258,62048,708,110140,92,74495,941,175673,192
2022-2-1,249060,2730,686975,877,141204,1343,403260,411,48045,592,94933,222,58988,795,150839,214
2022-2-10,253046,2807,691866,981,143299,1373,406086,546,48937,620,95621,168,59968,814,151926,229
2022-2-11,253311,2810,692380,809,143432,1374,406379,444,48992,620,95687,128,60045,816,152060,215
2022-2-12,253539,2815,692838,713,143549,1376,406626,379,49049,620,95754,128,60099,819,152178,178
2022-2-13,253762,2816,693209,610,143682,1377,406864,378,49092,620,95797,88,60146,819,152255,130
2022-2-14,253856,2822,693437,370,143732,1379,406995,208,49113,622,95831,67,60169,821,152305,80
2022-2-15,254028,2825,693742,490,143802,1380,407143,222,49165,623,95896,119,60218,822,152377,128
2022-2-16,254356,2832,694214,832,143987,1383,407396,457,49232,625,95959,137,60294,824,152507,211
2022-2-17,254608,2837,694696,772,144118,1386,407661,422,49285,627,96024,124,60362,824,152633,200
2022-2-18,254819,2840,695140,680,144223,1389,407899,356,49323,627,96097,115,60430,824,152742,181
2022-2-19,254949,2842,695625,636,144295,1389,408157,339,49353,628,96185,120,60458,825,152865,160
2022-2-2,249837,2741,687626,1460,141624,1346,403643,823,48220,598,95031,279,59158,797,150971,308
2022-2-20,255069,2846,696016,531,144364,1390,408398,318,49381,629,96226,74,60480,827,152951,114
2022-2-21,255100,2847,696227,296,144387,1391,408511,163,49381,629,96256,40,60488,827,153012,85
2022-2-22,255199,2847,696532,407,144436,1391,408672,210,49404,629,96312,79,60514,827,153075,91
2022-2-23,255317,2855,696975,590,144509,1393,408929,339,49424,632,96375,90,60539,830,153179,139
2022-2-24,255435,2859,697449,632,144580,1393,409185,342,49455,634,96440,100,60555,832,153307,162
2022-2-25,255535,2867,697876,557,144644,1396,409403,292,49472,635,96497,82,60574,836,153444,168
2022-2-26,255642,2869,698313,555,144712,1396,409649,322,49488,635,96563,83,60597,838,153539,118
2022-2-27,255715,2870,698671,439,144755,1397,409870,266,49500,635,96589,39,60615,838,153630,113
2022-2-28,255713,2875,698854,228,144745,1401,409976,121,49505,636,96609,33,60618,838,153674,61
2022-2-3,250401,2747,688213,1195,141917,1351,403936,604,48344,599,95113,216,59304,797,151136,325
2022-2-4,250850,2761,688733,995,142151,1359,404223,534,48437,600,95203,189,59426,802,151252,245
2022-2-5,251272,2773,689402,1115,142361,1363,404643,642,48557,605,95294,218,59517,805,151372,215
2022-2-6,251555,2779,689813,716,142513,1365,404905,429,48606,607,95330,87,59599,807,151473,187
2022-2-7,251766,2789,690005,409,142648,1369,405034,269,48650,612,95349,64,59631,808,151511,70
2022-2-8,252159,2796,690637,1055,142841,1369,405343,517,48712,616,95450,166,59766,811,151687,320
2022-2-9,252645,2800,691317,1205,143085,1370,405768,698,48848,618,95549,240,59871,812,151801,222
2022-3-1,255804,2876,699180,423,144798,1402,410146,223,49529,636,96672,88,60632,838,153744,89
2022-3-10,256573,2894,702480,514,145235,1409,411980,262,49664,638,97138,81,60830,847,154553,147
2022-3-11,256646,2897,702964,581,145259,1411,412236,295,49678,639,97210,92,60865,847,154684,169
2022-3-12,256724,2901,703391,523,145305,1411,412494,312,49689,641,97263,67,60886,849,154785,128
2022-3-13,256766,2901,703650,309,145326,1411,412643,174,49697,641,97287,35,60899,849,154860,89
2022-3-14,256786,2902,703833,232,145337,1412,412745,122,49700,641,97313,37,60906,849,154909,67
2022-3-15,256848,2903,704134,353,145366,1412,412900,183,49718,641,97369,67,60921,850,154989,93
2022-3-16,256912,2903,704561,520,145404,1412,413142,288,49733,641,97438,95,60932,850,155077,108
2022-3-17,256982,2906,705015,543,145448,1413,413391,302,49751,643,97496,75,60940,850,155190,130
2022-3-18,257048,2908,705435,514,145492,1414,413619,285,49762,644,97562,86,60951,850,155299,125
2022-3-19,257117,2910,705868,515,145538,1415,413859,292,49773,644,97646,96,60962,851,155377,94
2022-3-2,255925,2877,699610,570,144864,1403,410412,342,49557,636,96721,79,60659,838,153828,117
2022-3-20,257153,2912,706075,251,145561,1415,413982,149,49781,644,97671,35,60967,853,155426,57
2022-3-21,257166,2914,706293,269,145571,1416,414086,138,49779,645,97694,30,60971,853,155506,89
2022-3-22,257224,2915,706582,365,145601,1416,414225,175,49790,645,97751,73,60988,854,155581,98
2022-3-23,257296,2917,707015,522,145639,1417,414495,318,49810,646,97808,77,61002,854,155666,105
2022-3-24,257371,2918,707408,482,145680,1417,414698,251,49824,647,97877,85,61022,854,155768,127
2022-3-25,257443,2920,707823,506,145725,1419,414920,278,49836,647,97959,98,61037,854,155857,108
2022-3-26,257529,2921,708248,522,145771,1419,415149,282,49857,647,98004,66,61056,855,155989,155
2022-3-27,257561,2924,708442,235,145789,1421,415262,135,49863,648,98027,29,61064,855,156040,64
2022-3-28,257591,2925,708831,447,145808,1421,415461,229,49870,648,98077,60,61068,856,156171,149
2022-3-29,257663,2926,709141,398,145845,1421,415609,190,49881,648,98141,81,61092,857,156246,104
2022-3-3,256052,2881,700182,739,144937,1405,410724,400,49583,636,96806,125,60687,840,153977,187
2022-3-30,257763,2927,709507,479,145898,1421,415798,248,49906,649,98206,93,61114,857,156331,110
2022-3-31,257858,2928,709809,407,145955,1421,415952,217,49921,649,98248,58,61137,858,156424,119
2022-3-4,256151,2883,700498,441,145004,1406,410898,262,49586,636,96855,58,60716,841,154047,98
2022-3-5,256238,2885,700936,539,145062,1407,411154,322,49600,636,96909,71,60731,842,154154,125
2022-3-6,256299,2887,701196,332,145091,1408,411296,180,49615,636,96950,58,60748,843,154220,83
2022-3-7,256327,2889,701378,235,145108,1408,411394,125,49614,637,96972,30,60761,844,154271,69
2022-3-8,256404,2892,701703,425,145152,1408,411559,215,49632,638,97019,69,60776,846,154359,115
2022-3-9,256494,2894,702068,480,145201,1409,411768,271,49645,638,97078,80,60804,847,154437,110
2022-4-1,257947,2930,710152,449,146006,1422,416129,237,49935,650,98302,72,61161,858,156524,128
2022-4-10,258872,2938,713184,356,146527,1427,417666,187,50130,651,98729,50,61369,860,157432,103
2022-4-11,258932,2939,713413,320,146565,1427,417781,170,50142,651,98757,43,61378,861,157511,99
2022-4-12,259075,2939,713750,487,146653,1427,417942,252,50180,651,98817,100,61395,861,157600,107
2022-4-13,259277,2939,714182,651,146751,1427,418182,348,50227,651,98893,129,61450,861,157685,141
2022-4-14,259512,2941,714635,711,146887,1429,418448,415,50280,651,98956,122,61495,861,157784,148
2022-4-15,259692,2942,715004,564,147008,1430,418645,326,50320,651,99024,107,61514,861,157868,109
2022-4-16,259872,2942,715507,695,147117,1430,418870,342,50347,651,99086,90,61557,861,158056,235
2022-4-17,259986,2942,715777,394,147199,1430,419008,222,50358,651,99128,54,61578,861,158133,104
2022-4-18,260021,2942,715913,185,147204,1430,419059,66,50379,651,99151,46,61587,861,158189,67
2022-4-19,260188,2942,716169,427,147308,1430,419195,243,50419,651,99199,89,61610,861,158248,81
2022-4-2,258025,2931,710494,428,146046,1423,416295,212,49955,650,98360,77,61179,858,156623,119
2022-4-20,260365,2942,716509,530,147411,1430,419351,264,50453,651,99253,92,61650,861,158361,157
2022-4-21,260563,2944,717061,773,147521,1430,419659,430,50497,651,99317,113,61693,863,158526,213
2022-4-22,260839,2944,717457,685,147681,1430,419849,359,50575,651,99389,150,61732,863,158635,150
2022-4-23,261025,2946,717793,530,147779,1431,420019,272,50617,652,99440,96,61777,863,158733,143
2022-4-24,261116,2947,718048,348,147840,1432,420146,189,50629,652,99473,45,61793,863,158819,102
2022-4-25,261201,2949,718210,269,147889,1434,420225,145,50651,652,99499,47,61807,863,158864,65
2022-4-26,261408,2949,718481,481,148023,1434,420356,264,50694,652,99553,97,61837,863,158931,101
2022-4-27,261659,2951,718901,688,148162,1435,420580,372,50745,653,99612,111,61893,863,159044,175
2022-4-28,261900,2952,719267,624,148308,1436,420772,349,50791,653,99674,109,61939,863,159141,148
2022-4-29,262187,2952,719617,667,148498,1436,420954,382,50842,653,99734,120,61984,863,159235,149
2022-4-3,258078,2932,710668,235,146074,1424,416370,107,49962,650,98384,31,61197,858,156689,87
2022-4-30,262451,2954,720048,703,148659,1436,421209,420,50897,653,99800,122,62031,865,159320,134
2022-4-4,258119,2934,710868,254,146095,1424,416456,120,49966,651,98415,36,61213,859,156764,90
2022-4-5,258209,2934,711140,376,146138,1424,416569,159,49988,651,98455,66,61238,859,156859,125
2022-4-6,258372,2936,711649,692,146238,1426,416877,422,50024,651,98530,115,61265,859,156963,132
2022-4-7,258522,2936,712190,711,146326,1426,417175,394,50058,651,98593,100,61292,859,157120,193
2022-4-8,258627,2937,712548,472,146383,1426,417368,259,50083,651,98646,79,61315,860,157219,121
2022-4-9,258772,2937,712936,541,146462,1426,417551,266,50113,651,98697,82,61351,860,157347,167
2022-5-1,262617,2955,720240,361,148769,1437,421304,208,50919,653,99830,52,62064,865,159373,86
2022-5-10,265593,2963,723067,720,150470,1440,422770,424,51483,654,100286,145,62757,869,160131,128
2022-5-11,266167,2964,723538,1059,150799,1441,423008,575,51628,654,100360,223,62850,869,160258,221
2022-5-12,266775,2965,724040,1113,151168,1441,423276,636,51752,655,100450,214,62961,869,160372,227
2022-5-13,267423,2966,724584,1215,151549,1441,423551,668,51897,655,100558,255,63083,870,160493,249
2022-5-14,268025,2968,725073,1094,151891,1442,423796,589,52005,655,100629,179,63226,871,160635,286
2022-5-15,268470,2968,725453,828,152182,1442,423989,486,52065,655,100692,123,63320,871,160750,210
2022-5-16,268756,2968,725691,546,152365,1442,424101,300,52116,655,100734,100,63371,871,160819,130
2022-5-17,269409,2968,726223,1190,152738,1442,424393,672,52248,655,100817,214,63517,871,160947,273
2022-5-18,270114,2969,726721,1217,153183,1443,424638,697,52386,655,100895,218,63636,871,161100,277
2022-5-19,270933,2973,727222,1333,153657,1445,424894,739,52558,655,100977,256,63807,873,161233,306
2022-5-2,262720,2956,720398,275,148834,1438,421377,144,50936,653,99858,45,62082,865,159420,74
2022-5-20,271665,2974,727648,1161,154095,1446,425119,664,52707,655,101047,219,63950,873,161343,255
2022-5-21,272322,2975,728160,1177,154490,1447,425377,659,52835,655,101122,204,64077,873,161496,281
2022-5-22,272646,2978,728454,624,154702,1449,425498,335,52874,656,101161,79,64149,873,161614,192
2022-5-23,272979,2978,728696,587,154905,1449,425625,337,52912,656,101186,67,64241,873,161696,175
2022-5-24,273485,2978,729101,913,155197,1449,425819,484,53014,656,101260,178,64351,873,161803,219
2022-5-25,274060,2981,729542,1022,155549,1450,426057,593,53140,657,101324,191,64444,874,161924,215
2022-5-26,274775,2981,729979,1165,155891,1450,426256,548,53302,657,101394,233,64653,874,162063,352
2022-5-27,275298,2981,730539,1092,156204,1450,426551,612,53411,657,101467,183,64748,874,162225,261
2022-5-28,275929,2981,731046,1143,156578,1450,426822,647,53513,657,101550,185,64903,874,162348,281
2022-5-29,276278,2983,731380,685,156789,1450,426978,367,53553,657,101605,96,65000,876,162458,208
2022-5-3,262945,2957,720640,475,148956,1439,421509,257,50986,653,99893,89,62135,865,159482,115
2022-5-30,276457,2984,731534,360,156910,1450,427080,237,53581,657,101629,57,65030,877,162473,53
2022-5-31,276629,2985,731734,371,156986,1451,427136,132,53619,657,101655,62,65087,877,162571,156
2022-5-4,263415,2959,721110,950,149208,1439,421789,538,51084,653,99965,174,62253,867,159583,219
2022-5-5,263835,2959,721512,831,149417,1439,421976,394,51193,653,100031,179,62352,867,159707,229
2022-5-6,264301,2959,721971,938,149695,1439,422222,533,51265,653,100106,148,62467,867,159818,229
2022-5-7,264700,2960,722339,774,149907,1440,422403,396,51344,653,100174,150,62571,867,159915,202
2022-5-8,264957,2960,722582,504,150073,1440,422505,269,51371,653,100201,55,62635,867,160021,172
2022-5-9,265198,2961,722750,441,150225,1440,422595,262,51399,653,100227,60,62692,868,160070,112
2022-6-1,277062,2985,732100,805,157231,1451,427298,409,53738,657,101740,207,65155,877,162658,155
2022-6-10,280308,2996,735544,717,159180,1457,429024,390,54402,660,102251,127,65769,879,163696,179
2022-6-11,280610,2997,735880,640,159348,1458,429223,369,54491,660,102302,140,65813,879,163761,109
2022-6-12,280751,2997,736140,401,159441,1458,429345,215,54507,660,102338,52,65843,879,163846,115
2022-6-13,280903,2998,736435,462,159536,1459,429492,248,54527,660,102373,58,65880,879,163947,144
2022-6-14,281154,2999,736752,570,159703,1459,429671,348,54581,661,102426,107,65906,879,164011,90
2022-6-15,281404,3001,737118,629,159837,1460,429871,338,54638,662,102480,117,65964,879,164103,152
2022-6-16,281712,3005,737513,710,160007,1460,430063,367,54705,663,102542,129,66033,882,164221,189
2022-6-17,282102,3007,738087,969,160221,1461,430359,514,54783,663,102628,165,66129,883,164388,263
2022-6-18,282326,3007,738403,542,160364,1461,430551,335,54830,663,102683,104,66163,883,164444,90
2022-6-19,282502,3007,738683,459,160472,1461,430688,248,54852,663,102731,70,66208,883,164523,124
2022-6-2,277472,2985,732466,785,157466,1451,427476,418,53840,657,101796,159,65226,877,162759,175
2022-6-20,282673,3007,738879,373,160583,1461,430791,214,54872,663,102765,62,66242,883,164569,84
2022-6-21,282807,3007,739141,393,160637,1461,430904,167,54917,663,102802,82,66275,883,164660,121
2022-6-22,283163,3008,739532,750,160860,1462,431120,444,54988,663,102857,126,66329,883,164759,155
2022-6-23,283440,3011,739931,680,161023,1465,431316,363,55033,663,102907,95,66392,883,164884,191
2022-6-24,283746,3013,740253,627,161197,1466,431483,342,55085,663,102950,95,66469,884,164965,159
2022-6-25,284016,3013,740574,591,161372,1466,431632,324,55139,663,103013,117,66508,884,165055,129
2022-6-26,284165,3015,740807,382,161451,1467,431729,176,55156,664,103039,43,66561,884,165148,146
2022-6-27,284315,3017,740975,300,161542,1468,431825,175,55177,664,103060,38,66596,885,165191,78
2022-6-28,284620,3018,741272,573,161731,1468,431990,334,55240,664,103110,110,66648,886,165262,117
2022-6-29,284953,3020,741639,691,161943,1470,432197,414,55300,664,103176,125,66708,886,165345,141
2022-6-3,277844,2985,732871,1184,157654,1451,427654,545,53939,657,101870,247,65307,877,162892,348
2022-6-30,285306,3022,741996,703,162152,1470,432382,391,55365,665,103231,120,66786,887,165440,170
2022-6-4,278258,2985,733281,1242,157903,1451,427867,681,54007,657,101935,200,65401,877,162998,306
2022-6-5,278447,2989,733466,559,158005,1453,427951,270,54044,658,101964,95,65451,878,163060,174
2022-6-6,278621,2990,733658,180,158127,1454,428043,127,54066,658,101993,23,65480,878,163120,29
2022-6-7,279239,2993,734268,1233,158510,1455,428409,753,54198,659,102079,218,65583,879,163263,247
2022-6-8,279582,2995,734729,809,158737,1457,428608,428,54254,659,102145,124,65639,879,163439,233
2022-6-9,279995,2995,735150,844,159010,1457,428810,480,54329,659,102197,129,65701,879,163589,214
2022-7-1,285575,3023,742294,561,162314,1470,432521,294,55407,666,103281,94,66849,887,165533,157
2022-7-10,287961,3034,744239,428,163798,1475,433589,269,55792,671,103492,37,67344,888,166092,111
2022-7-11,288099,3035,744054,351,163915,1476,433685,213,55819,671,103509,44,67378,888,166144,86
2022-7-12,288383,3035,744278,602,164065,1476,433567,325,55875,671,103485,109,67415,888,166172,154
2022-7-13,288756,3036,744498,727,164285,1476,433698,422,55960,672,103508,135,67480,888,166232,151
2022-7-14,289077,3038,744699,612,164472,1476,433798,346,56018,672,103531,94,67556,890,166296,153
2022-7-15,289443,3039,744913,715,164687,1476,433881,379,56089,673,103586,149,67632,890,166351,159
2022-7-16,289745,3040,745155,544,164859,1476,433991,282,56141,673,103627,93,67710,891,166422,149
2022-7-17,289958,3042,745443,501,164994,1478,434149,293,56174,673,103658,64,67755,891,166504,127
2022-7-18,290241,3044,745281,489,165195,1480,434085,314,56204,673,103586,55,67798,891,166499,107
2022-7-19,290685,3047,745523,779,165444,1481,434216,417,56332,674,103614,154,67910,892,166575,193
2022-7-2,285841,3024,742581,553,162484,1471,432652,301,55449,666,103332,93,66903,887,165615,136
2022-7-20,291081,3048,745745,766,165687,1481,434308,420,56395,675,103642,117,67995,892,166669,203
2022-7-21,291488,3051,745963,743,165923,1484,434428,415,56485,675,103665,142,68074,892,166730,165
2022-7-22,291851,3052,746175,713,166143,1485,434541,414,56561,675,103694,126,68140,892,166797,157
2022-7-23,292258,3053,746515,747,166364,1485,434704,384,56635,676,103765,145,68252,892,166887,202
2022-7-24,292491,3054,746722,440,166497,1485,434795,224,56677,677,103796,73,68308,892,166953,122
2022-7-25,292749,3054,746666,497,166648,1485,434738,260,56721,677,103781,75,68371,892,166977,148
2022-7-26,293128,3056,746869,667,166873,1487,434855,391,56823,677,103810,142,68421,892,167019,114
2022-7-27,293444,3059,747058,693,167058,1487,434933,380,56869,677,103854,120,68505,895,167074,175
2022-7-28,293957,3061,747363,962,167363,1487,435076,527,56965,679,103918,190,68612,895,167156,214
2022-7-29,294309,3064,747611,709,167548,1488,435151,323,57044,681,103988,163,68695,895,167238,190
2022-7-3,286020,3025,742804,402,162599,1471,432761,224,55474,667,103379,72,66942,887,165672,96
2022-7-30,294665,3065,747945,690,167738,1488,435321,360,57116,682,104057,141,68781,895,167315,163
2022-7-31,294879,3067,748139,408,167856,1489,435419,216,57149,682,104093,69,68838,896,167368,110
2022-7-4,286170,3025,742998,342,162701,1471,432853,193,55492,667,103412,52,66968,887,165728,85
2022-7-5,286336,3027,743208,375,162817,1471,432948,211,55512,668,103443,51,66994,888,165808,105
2022-7-6,286641,3027,743474,566,162976,1471,433096,306,55587,668,103485,116,67063,888,165869,129
2022-7-7,286936,3027,743518,638,163153,1471,433184,359,55654,668,103400,117,67110,888,165910,141
2022-7-8,287308,3028,743714,694,163378,1472,433297,409,55708,668,103417,100,67198,888,165957,158
2022-7-9,287731,3033,744041,750,163626,1474,433492,443,55776,671,103471,122,67304,888,166021,170
2022-8-1,295070,3070,748031,385,167963,1490,435346,197,57193,683,104076,76,68878,897,167351,101
2022-8-10,297933,3081,749690,656,169459,1496,436050,340,57855,687,104469,146,69570,898,167799,153
2022-8-11,298324,3081,749808,631,169657,1496,436088,299,57943,687,104490,137,69671,898,167842,169
2022-8-12,298657,3082,750026,650,169866,1497,436206,376,58004,687,104544,127,69733,898,167891,134
2022-8-13,298968,3082,750279,564,170027,1497,436348,303,58087,687,104590,129,69798,898,167941,115
2022-8-14,299179,3083,750450,382,170129,1498,436433,187,58126,687,104610,59,69868,898,168004,133
2022-8-15,299325,3083,750392,279,170214,1498,436380,146,58156,687,104613,62,69899,898,167998,64
2022-8-16,299582,3083,750530,452,170331,1498,436452,214,58233,687,104656,127,69961,898,168011,98
2022-8-17,299917,3085,750632,560,170505,1499,436500,279,58305,688,104693,110,70050,898,168034,150
2022-8-18,300336,3087,750931,804,170646,1499,436637,322,58384,689,104738,140,70248,899,168142,327
2022-8-19,300615,3087,751114,547,170772,1499,436712,247,58449,689,104798,135,70336,899,168180,149
2022-8-2,295466,3070,748281,717,168163,1490,435460,353,57292,683,104147,181,68974,897,167408,169
2022-8-20,300861,3088,751356,488,170900,1500,436832,248,58505,689,104853,111,70398,899,168231,113
2022-8-21,301067,3089,751580,430,171029,1500,436945,242,58536,690,104889,67,70444,899,168295,110
2022-8-22,301225,3092,751534,312,171118,1501,436901,165,58564,691,104897,60,70484,900,168290,74
2022-8-23,301479,3097,751750,538,171249,1501,436994,264,58626,693,104955,119,70545,903,168357,146
2022-8-24,301752,3098,751897,494,171394,1502,437071,265,58679,693,104987,94,70618,903,168386,117
2022-8-25,301967,3100,752025,483,171497,1503,437133,227,58721,693,105011,94,70687,904,168427,147
2022-8-26,302191,3100,752181,467,171605,1503,437201,232,58768,693,105062,108,70756,904,168458,116
2022-8-27,302462,3100,752494,584,171749,1503,437366,309,58828,693,105129,127,70822,904,168520,128
2022-8-28,302586,3103,752654,284,171812,1505,437428,125,58852,693,105154,49,70858,905,168586,102
2022-8-29,302726,3103,752651,313,171882,1505,437398,152,58889,693,105170,75,70890,905,168591,73
2022-8-3,295847,3070,748475,674,168360,1490,435548,343,57388,683,104184,149,69060,897,167456,155
2022-8-30,302941,3104,752757,452,172003,1506,437438,225,58938,693,105224,118,70935,905,168600,93
2022-8-31,303210,3105,752866,559,172133,1506,437492,284,59018,693,105262,135,70994,906,168619,127
2022-8-4,296212,3070,748701,709,168532,1490,435624,322,57467,683,104220,132,69168,897,167552,225
2022-8-5,296548,3072,748992,762,168706,1490,435768,391,57546,685,104293,172,69249,897,167607,169
2022-8-6,296863,3075,749253,576,168877,1492,435892,295,57616,685,104342,119,69323,898,167678,145
2022-8-7,297077,3075,749435,396,169003,1492,435986,220,57641,685,104371,54,69386,898,167729,114
2022-8-8,297262,3080,749342,370,169109,1496,435909,185,57681,686,104380,95,69425,898,167707,79
2022-8-9,297592,3081,749488,566,169274,1496,435968,268,57770,687,104424,144,69500,898,167734,130
2022-9-1,303418,3105,752920,433,172231,1506,437482,188,59067,693,105275,92,71055,906,168659,128
2022-9-10,305143,3116,753826,556,173260,1507,437869,273,59404,697,105550,125,71406,912,168864,132
2022-9-11,305249,3116,753998,278,173319,1507,437944,134,59420,697,105564,30,71437,912,168935,102
2022-9-12,305417,3116,754184,354,173442,1507,438048,227,59439,697,105588,43,71463,912,168981,72
2022-9-13,305606,3116,754401,406,173550,1507,438155,215,59486,697,105636,95,71497,912,169024,77
2022-9-14,305843,3117,754737,573,173704,1508,438325,324,59530,697,105694,102,71536,912,169121,136
2022-9-15,306104,3119,755042,566,173868,1509,438484,323,59565,697,105738,79,71596,913,169199,138
2022-9-16,306355,3120,755346,555,174018,1510,438636,302,59612,697,105797,106,71650,913,169268,123
2022-9-17,306587,3122,755694,580,174147,1511,438796,289,59669,698,105857,117,71696,913,169374,152
2022-9-18,306721,3126,755886,326,174237,1512,438878,172,59686,698,105883,43,71723,916,169450,103
2022-9-19,306849,3131,756044,286,174319,1512,438952,156,59705,700,105909,45,71749,919,169501,77
2022-9-2,303611,3105,753012,451,172336,1506,437514,234,59100,693,105317,92,71109,906,168687,113
2022-9-20,307068,3133,756320,495,174450,1513,439095,274,59751,700,105963,100,71789,920,169563,102
2022-9-21,307325,3134,756678,615,174591,1513,439254,300,59807,701,106043,136,71849,920,169665,162
2022-9-22,307587,3137,757018,602,174754,1515,439411,320,59858,701,106107,115,71897,921,169764,147
2022-9-23,307838,3140,757338,571,174907,1517,439564,306,59912,701,106160,107,71941,922,169853,133
2022-9-24,308053,3140,757685,562,175025,1517,439730,284,59952,701,106240,120,71998,922,169937,141
2022-9-25,308158,3142,757882,302,175074,1518,439839,158,59968,701,106261,37,72038,923,169993,96
2022-9-26,308302,3142,758037,299,175168,1518,439914,169,59988,701,106289,48,72068,923,170036,73
2022-9-27,308517,3142,758265,443,175301,1518,440032,251,60031,701,106335,89,72107,923,170081,84
2022-9-28,308707,3142,758570,495,175409,1518,440162,238,60073,701,106412,119,72146,923,170161,119
2022-9-29,308950,3144,758879,552,175548,1518,440312,289,60119,701,106477,111,72203,925,170240,136
2022-9-3,303821,3108,753260,458,172459,1506,437595,204,59145,693,105380,108,71151,909,168760,115
2022-9-30,309145,3146,759171,487,175654,1518,440453,247,60150,702,106537,91,72260,926,170310,127
2022-9-4,303926,3108,753425,270,172521,1506,437672,139,59162,693,105405,42,71176,909,168816,81
2022-9-5,304033,3109,753190,208,172588,1507,437556,124,59179,693,105375,33,71197,909,168745,46
2022-9-6,304188,3111,753221,286,172690,1507,437570,177,59197,695,105393,39,71232,909,168749,65
2022-9-7,304436,3111,753344,489,172837,1507,437659,281,59260,695,105418,108,71268,909,168744,76
2022-9-8,304676,3113,753433,499,172980,1507,437708,268,59309,696,105450,107,71315,910,168755,106
2022-9-9,304907,3115,753506,445,173128,1507,437728,243,59355,696,105474,86,71351,912,168787,103
